game_id,sportsbook_event_id,sport,league,game_date,game_time,home_team,away_team
2026020044,401892449,hockey,nhl,2026_10_06,19:00,Toronto Maple Leafs,Nashville Predators
2026020045,401891815,hockey,nhl,2026_10_06,19:00,Montreal Canadiens,Carolina Hurricanes
2026020046,401892450,hockey,nhl,2026_10_06,19:00,Detroit Red Wings,Ottawa Senators
2026020047,401892451,hockey,nhl,2026_10_06,19:00,New Jersey Devils,Utah Mammoth
2026020048,401892452,hockey,nhl,2026_10_06,19:30,New York Rangers,New York Islanders
2026020049,401892453,hockey,nhl,2026_10_06,19:00,Buffalo Sabres,Minnesota Wild
2026020050,401891779,hockey,nhl,2026_10_06,20:00,Chicago Blackhawks,St Louis Blues
2026020051,401892454,hockey,nhl,2026_10_06,21:40,Seattle Kraken,Vegas Golden Knights
2026020052,401891806,hockey,nhl,2026_10_06,22:00,Los Angeles Kings,Florida Panthers
