player_id,headshot,position_code,games_played,goals,assists,points,plus_minus,penalty_minutes,power_play_goals,shorthanded_goals,game_winning_goals,overtime_goals,shots,shooting_pctg,avg_time_on_ice_per_game,avg_shifts_per_game,faceoff_win_pctg,first_name_default,last_name_default,last_name_cs,last_name_sk,first_name_cs,first_name_de,first_name_es,first_name_fi,first_name_sk,first_name_sv,last_name_fi
8476374,https://assets.nhle.com/mugs/nhl/20262027/BOS/8476374.png,C,2,0,0,0,0,2,0,0,0,0,3,0.0,781.5,15.0,0.588235,Sean,Kuraly,,,,,,,,,
8476854,https://assets.nhle.com/mugs/nhl/20262027/BOS/8476854.png,D,2,1,1,2,3,0,0,0,0,0,2,0.5,1209.5,24.0,0.0,Hampus,Lindholm,,,,,,,,,
8477365,https://assets.nhle.com/mugs/nhl/20262027/BOS/8477365.png,D,2,0,0,0,-1,0,0,0,0,0,4,0.0,1259.0,25.5,0.0,Connor,Clifton,,,,,,,,,
8477496,https://assets.nhle.com/mugs/nhl/20262027/BOS/8477496.png,C,2,1,1,2,1,2,0,0,0,0,5,0.2,956.0,21.5,0.517241,Elias,Lindholm,,,,,,,,,
8477507,https://assets.nhle.com/mugs/nhl/20262027/BOS/8477507.png,D,2,0,2,2,0,0,0,0,0,0,1,0.0,1284.0,26.0,0.0,Nikita,Zadorov,,,,,,,,,
8477956,https://assets.nhle.com/mugs/nhl/20262027/BOS/8477956.png,R,2,0,2,2,1,0,0,0,0,0,8,0.0,1188.0,21.5,1.0,David,Pastrnak,Pastrňák,Pastrňák,,,,,,,
8478401,https://assets.nhle.com/mugs/nhl/20262027/BOS/8478401.png,C,2,0,0,0,2,0,0,0,0,0,6,0.0,1048.5,20.0,0.5625,Pavel,Zacha,,,,,,,,,
8478840,https://assets.nhle.com/mugs/nhl/20262027/BOS/8478840.png,D,2,0,1,1,3,0,0,0,0,0,1,0.0,1117.5,23.5,0.0,Will,Borgen,,,William,William,William,William,William,William,
8479661,https://assets.nhle.com/mugs/nhl/20262027/BOS/8479661.png,L,2,0,0,0,-1,2,0,0,0,0,0,0.0,704.0,14.5,0.0,Tanner,Jeannot,,,,,,,,,
8479987,https://assets.nhle.com/mugs/nhl/20262027/BOS/8479987.png,C,2,0,1,1,2,0,0,0,0,0,1,0.0,1055.5,18.5,0.166667,Morgan,Geekie,,,,,,,,,
8479999,https://assets.nhle.com/mugs/nhl/20262027/BOS/8479999.png,C,2,0,0,0,1,0,0,0,0,0,5,0.0,854.5,18.0,0.0,Casey,Mittelstadt,,,,,,,,,
8480355,https://assets.nhle.com/mugs/nhl/20262027/BOS/8480355.png,C,2,1,1,2,2,5,0,0,0,0,2,0.5,672.0,15.0,0.333333,Mark,Kastelic,,,,,,,,,
8481219,https://assets.nhle.com/mugs/nhl/20262027/BOS/8481219.png,D,2,0,0,0,1,4,0,0,0,0,3,0.0,999.0,22.5,0.0,Jonathan,Aspirot,,,,,,,,,
8482175,https://assets.nhle.com/mugs/nhl/20262027/BOS/8482175.png,R,2,2,0,2,2,0,0,0,1,1,6,0.333333,1117.0,20.5,0.0,JJ,Peterka,,,,,,,,,
8482177,https://assets.nhle.com/mugs/nhl/20262027/BOS/8482177.png,C,2,0,1,1,2,0,0,0,0,0,0,0.0,879.0,19.0,0.5,Marat,Khusnutdinov,Chusnutdinov,Chusnutdinov,,,,,,,Husnutdinov
8482511,https://assets.nhle.com/mugs/nhl/20262027/BOS/8482511.png,D,2,0,2,2,2,0,0,0,0,0,0,0.0,1237.0,24.0,0.0,Mason,Lohrei,,,,,,,,,
8483489,https://assets.nhle.com/mugs/nhl/20262027/BOS/8483489.png,C,2,1,1,2,3,0,0,0,1,0,4,0.25,949.0,20.0,0.466667,Fraser,Minten,,,,,,,,,
8485395,https://assets.nhle.com/mugs/nhl/20262027/BOS/8485395.png,C,2,1,0,1,1,0,0,0,0,0,2,0.5,830.5,16.5,0.0,James,Hagens,,,,,,,,,
