season,team,adj_xgf,adj_xga,adj_xg_net,adj_gf,adj_ga,games,off_rank,def_rank,net_rank,net_z
2026,ANA,2.703607063621573,2.6965568864530187,0.0070501771685544945,3.041812330863264,3.29322663015072,82,4,29,17,0.02933221734575072
2026,BOS,2.4346878459991337,2.571556961021756,-0.13686911502262245,3.2066359694055713,2.8399376769320495,82,24,17,22,-0.5694430840222295
2026,BUF,2.618292504374735,2.5381279983783647,0.08016450599637048,3.2966668257698686,2.9154485407696673,82,11,13,10,0.33352391820569305
2026,CAR,2.929575003853083,2.4323028275463923,0.49727217630669074,3.1753911617334545,2.9489547943542256,82,1,8,2,2.068897732170778
2026,CBJ,2.6792066395721656,2.563083846666479,0.11612279290568672,3.094128795066423,2.9848439018423836,82,6,14,8,0.4831281425802908
2026,CGY,2.3784427832586608,2.6379690284995503,-0.2595262452408895,2.772655385553206,3.0458558934459337,82,29,24,28,-1.0797572955027457
2026,CHI,2.3533683041359033,2.7844125245363807,-0.4310442204004774,2.8723780701479793,3.358701710885982,82,31,31,31,-1.793356742127207
2026,COL,2.9253441019528608,2.366623937185277,0.5587201647675837,3.469883353050541,2.6578665676501125,82,2,4,1,2.3245516980077707
2026,DAL,2.4426308469906957,2.375319764791307,0.06731108219938875,3.0611110924889027,2.7190757022557315,82,23,7,12,0.2800473301091881
2026,DET,2.5177418526956212,2.6305225445299,-0.11278069183427863,2.764161128485464,3.0405613936271743,82,17,23,21,-0.46922335229286344
2026,EDM,2.747187500930057,2.6496679416875115,0.0975195592425453,3.067824790475815,3.270940610031104,82,3,26,9,0.4057295070431619
2026,FLA,2.4611206036583373,2.4382018635531706,0.0229187401051667,2.923233315897888,3.15031585875776,82,21,9,16,0.09535327268852599
2026,LAK,2.4907533776848783,2.372251893268882,0.1185014844159964,2.8424773540356103,2.7568010266010945,82,19,6,7,0.49302467350579826
2026,MIN,2.61867802341396,2.56529212853558,0.0533858948783803,3.0348969279884863,2.918893232442287,82,10,15,14,0.2221116766759677
2026,MTL,2.6054358829870785,2.5687058847920734,0.03672999819500511,3.1733657334948737,2.875720494658122,82,12,16,15,0.15281492427883958
2026,NJD,2.5444703646826663,2.6079474279265837,-0.06347706324391744,2.742525232002777,3.173878075532515,82,15,20,20,-0.26409591858847264
2026,NSH,2.4780883186223037,2.663638977936265,-0.1855506593139613,2.8667227123678902,3.1456359306512245,82,20,27,27,-0.7719823399503665
2026,NYI,2.5214081499026197,2.692424634245995,-0.17101648434337546,2.828235977849969,2.9394056430539957,82,16,28,25,-0.7115129972677527
2026,NYR,2.345838839938729,2.490310176566898,-0.14447133662816913,2.9001617296057103,2.913280964659691,82,32,11,23,-0.6010720787429696
2026,OTT,2.603404339400129,2.260741930006128,0.34266240939400117,3.1516462537178485,2.957763343953832,82,14,1,3,1.4256447786014694
2026,PHI,2.4000800788963677,2.3387158844768257,0.061364194419541995,2.9566199361478294,2.802632961659734,82,27,3,13,0.25530534125998505
2026,PIT,2.7001793623971198,2.6264447550187437,0.073734607378376,3.4004678512071718,3.124882598668509,82,5,22,11,0.3067723658311794
2026,SEA,2.3661427830018824,2.642790873863408,-0.27664809086152564,2.85013577456314,2.9700698265617667,82,30,25,30,-1.1509926254948768
2026,SJS,2.41049655581295,2.5894316678723808,-0.1789351120594307,2.981089211294178,3.2643720871893156,82,26,19,26,-0.7444583976022917
2026,STL,2.511604239202932,2.5111628035053357,0.00044143569759613754,2.975371230398668,3.0953648454372424,82,18,12,18,0.001836590417016041
2026,TBL,2.6440270916114423,2.370430603172187,0.2735964884392552,3.2875934067739756,2.8569816222007796,82,8,5,5,1.1382964529926918
2026,TOR,2.4468026638525684,2.7180596189708144,-0.271256955118246,3.0783324302738695,3.3757695349817927,82,22,30,29,-1.128562839465149
2026,UTA,2.670013999738056,2.4730244117288187,0.19698958800923716,3.1917680153132553,2.9962236605464048,82,7,10,6,0.8195739301573339
2026,VAN,2.386176369226894,2.904422998215747,-0.518246628988853,2.665101264887527,3.44650858566039,82,28,32,32,-2.1561618093808614
2026,VGK,2.6390170263612474,2.335985075965471,0.3030319503957766,3.057246733197182,3.093003752239871,82,9,2,4,1.2607625055668603
2026,WPG,2.422631160942068,2.5730665279653757,-0.15043536702330762,2.9283272997661394,3.0463903506219125,82,25,18,24,-0.6258853893342496
2026,WSH,2.6035463212813106,2.6108056011173737,-0.007259279836063115,3.1420327061755873,2.8206921819765927,82,13,21,19,-0.030202187666264348
