player_id,headshot,position_code,games_played,goals,assists,points,plus_minus,penalty_minutes,power_play_goals,shorthanded_goals,game_winning_goals,overtime_goals,shots,shooting_pctg,avg_time_on_ice_per_game,avg_shifts_per_game,faceoff_win_pctg,first_name_default,last_name_default
8474586,https://assets.nhle.com/mugs/nhl/20262027/SEA/8474586.png,R,2,1,1,2,0,0,1,0,0,0,5,0.2,1051.0,23.0,0.0,Jordan,Eberle
8476457,https://assets.nhle.com/mugs/nhl/20262027/SEA/8476457.png,D,2,0,0,0,0,0,0,0,0,0,1,0.0,1273.5,24.5,0.0,Adam,Larsson
8476905,https://assets.nhle.com/mugs/nhl/20262027/SEA/8476905.png,C,2,1,1,2,0,0,0,0,0,0,3,0.333333,1053.0,24.5,0.552632,Chandler,Stephenson
8477919,https://assets.nhle.com/mugs/nhl/20262027/SEA/8477919.png,C,2,1,0,1,0,0,0,0,0,0,5,0.2,767.5,20.5,0.47619,Frederick,Gaudreau
8477955,https://assets.nhle.com/mugs/nhl/20262027/SEA/8477955.png,L,2,0,3,3,-1,0,0,0,0,0,6,0.0,971.5,21.5,0.0,Jared,McCann
8477986,https://assets.nhle.com/mugs/nhl/20262027/SEA/8477986.png,D,2,0,0,0,-1,10,0,0,0,0,4,0.0,1426.0,24.5,0.0,Brandon,Montour
8478407,https://assets.nhle.com/mugs/nhl/20262027/SEA/8478407.png,D,2,1,2,3,0,4,0,0,1,0,3,0.333333,1333.5,26.5,0.0,Vince,Dunn
8479324,https://assets.nhle.com/mugs/nhl/20262027/SEA/8479324.png,D,2,0,0,0,2,5,0,0,0,0,2,0.0,852.5,20.5,0.0,Ryan,Lindgren
8479372,https://assets.nhle.com/mugs/nhl/20262027/SEA/8479372.png,D,1,0,0,0,1,2,0,0,0,0,0,0.0,868.0,20.0,0.0,Josh,Mahura
8479985,https://assets.nhle.com/mugs/nhl/20262027/SEA/8479985.png,D,1,0,0,0,0,0,0,0,0,0,2,0.0,827.0,19.0,0.0,Cale,Fleury
8480876,https://assets.nhle.com/mugs/nhl/20262027/SEA/8480876.png,C,1,0,0,0,0,0,0,0,0,0,0,0.0,358.0,9.0,0.0,Curtis,Douglas
8481554,https://assets.nhle.com/mugs/nhl/20262027/SEA/8481554.png,R,2,1,1,2,2,0,0,0,0,0,1,1.0,900.0,20.0,0.0,Kaapo,Kakko
8482259,https://assets.nhle.com/mugs/nhl/20262027/SEA/8482259.png,C,2,1,0,1,0,0,1,0,0,0,6,0.166667,1021.5,22.0,0.0,Bobby,McMann
8482665,https://assets.nhle.com/mugs/nhl/20262027/SEA/8482665.png,C,2,1,1,2,1,0,0,0,0,0,2,0.5,992.0,20.5,0.37037,Matty,Beniers
8482713,https://assets.nhle.com/mugs/nhl/20262027/SEA/8482713.png,R,1,0,0,0,0,0,0,0,0,0,0,0.0,714.0,18.0,0.0,Mackie,Samoskevich
8482751,https://assets.nhle.com/mugs/nhl/20262027/SEA/8482751.png,C,2,0,1,1,1,2,0,0,0,0,4,0.0,831.5,19.0,0.0,Ryan,Winterton
8482858,https://assets.nhle.com/mugs/nhl/20262027/SEA/8482858.png,D,2,0,1,1,0,2,0,0,0,0,3,0.0,1192.5,22.5,0.0,Ryker,Evans
8482874,https://assets.nhle.com/mugs/nhl/20262027/SEA/8482874.png,R,1,0,0,0,0,2,0,0,0,0,1,0.0,571.0,15.0,0.0,Jacob,Melanson
8483524,https://assets.nhle.com/mugs/nhl/20262027/SEA/8483524.png,C,2,0,1,1,-1,0,0,0,0,0,2,0.0,917.5,20.0,0.545455,Shane,Wright
8483570,https://assets.nhle.com/mugs/nhl/20262027/SEA/8483570.png,C,1,0,0,0,0,0,0,0,0,0,0,0.0,659.0,18.0,0.333333,Ben,Meyers
8484800,https://assets.nhle.com/mugs/nhl/20262027/SEA/8484800.png,C,2,0,0,0,0,0,0,0,0,0,2,0.0,1040.0,20.0,0.4375,Berkly,Catton
