player_id,headshot,position_code,games_played,goals,assists,points,plus_minus,penalty_minutes,power_play_goals,shorthanded_goals,game_winning_goals,overtime_goals,shots,shooting_pctg,avg_time_on_ice_per_game,avg_shifts_per_game,faceoff_win_pctg,first_name_default,last_name_default,last_name_cs,last_name_fi,last_name_sk,last_name_sv,first_name_cs,first_name_fi,first_name_sk
8473422,https://assets.nhle.com/mugs/nhl/20262027/MIN/8473422.png,L,2,1,0,1,2,0,0,0,0,0,3,0.333333,791.0,14.5,0.333333,Nick,Foligno,,,,,,,
8474567,https://assets.nhle.com/mugs/nhl/20262027/MIN/8474567.png,D,2,0,0,0,-1,0,0,0,0,0,1,0.0,913.0,19.5,0.0,Zach,Bogosian,,,,,,,
8474716,https://assets.nhle.com/mugs/nhl/20262027/MIN/8474716.png,D,2,1,1,2,3,4,0,0,0,0,2,0.5,1177.5,28.0,0.0,Jared,Spurgeon,,,,,,,
8475220,https://assets.nhle.com/mugs/nhl/20262027/MIN/8475220.png,L,2,0,0,0,2,0,0,0,0,0,2,0.0,730.0,14.0,0.0,Marcus,Foligno,,,,,,,
8476399,https://assets.nhle.com/mugs/nhl/20262027/MIN/8476399.png,L,2,1,0,1,0,2,1,0,1,0,4,0.25,819.0,19.0,0.0,Blake,Coleman,,,,,,,
8476463,https://assets.nhle.com/mugs/nhl/20262027/MIN/8476463.png,D,2,0,0,0,0,0,0,0,0,0,0,0.0,1263.5,25.5,0.0,Jonas,Brodin,,,,,,,
8476874,https://assets.nhle.com/mugs/nhl/20262027/MIN/8476874.png,D,2,0,1,1,0,0,0,0,0,0,1,0.0,1343.5,24.0,0.0,Olli,Maatta,Määttä,Määttä,Määttä,Määttä,,,
8477446,https://assets.nhle.com/mugs/nhl/20262027/MIN/8477446.png,C,2,0,2,2,2,0,0,0,0,0,8,0.0,911.0,16.5,0.625,Michael,McCarron,,,,,,,
8477451,https://assets.nhle.com/mugs/nhl/20262027/MIN/8477451.png,R,2,0,1,1,-2,4,0,0,0,0,0,0.0,732.0,16.0,0.583333,Ryan,Hartman,,,,,,,
8478493,https://assets.nhle.com/mugs/nhl/20262027/MIN/8478493.png,C,2,0,1,1,2,0,0,0,0,0,5,0.0,1143.5,18.0,0.439024,Joel,Eriksson Ek,,,,,,,
8478508,https://assets.nhle.com/mugs/nhl/20262027/MIN/8478508.png,C,2,0,0,0,-2,0,0,0,0,0,4,0.0,833.5,16.0,0.0,Yakov,Trenin,,,,,Jakov,Jakov,Jakov
8478864,https://assets.nhle.com/mugs/nhl/20262027/MIN/8478864.png,L,2,3,0,3,2,0,1,0,0,0,6,0.5,1191.0,19.5,0.333333,Kirill,Kaprizov,,,,,,,
8480800,https://assets.nhle.com/mugs/nhl/20262027/MIN/8480800.png,D,2,1,2,3,2,0,1,0,1,0,9,0.111111,1496.5,22.0,0.0,Quinn,Hughes,,,,,,,
8481553,https://assets.nhle.com/mugs/nhl/20262027/MIN/8481553.png,R,2,0,2,2,-1,0,0,0,0,0,3,0.0,687.0,14.5,0.0,Bobby,Brink,,,,,,,
8481557,https://assets.nhle.com/mugs/nhl/20262027/MIN/8481557.png,L,2,0,0,0,1,2,0,0,0,0,9,0.0,1186.5,18.5,0.0,Matt,Boldy,,,,,,,
8482094,https://assets.nhle.com/mugs/nhl/20262027/MIN/8482094.png,D,2,0,0,0,0,2,0,0,0,0,1,0.0,727.5,17.0,0.0,Daemon,Hunt,,,,,,,
8483525,https://assets.nhle.com/mugs/nhl/20262027/MIN/8483525.png,R,2,0,1,1,0,0,0,0,0,0,2,0.0,755.0,17.5,0.6,Danila,Yurov,,,,,,,
8485702,https://assets.nhle.com/mugs/nhl/20262027/MIN/8485702.png,R,2,0,1,1,0,0,0,0,0,0,0,0.0,902.0,16.0,0.0,Maxim,Shabanov,,,,,,,
