player_id,headshot,position_code,games_played,goals,assists,points,plus_minus,penalty_minutes,power_play_goals,shorthanded_goals,game_winning_goals,overtime_goals,shots,shooting_pctg,avg_time_on_ice_per_game,avg_shifts_per_game,faceoff_win_pctg,first_name_default,last_name_default,last_name_cs,last_name_de,last_name_es,last_name_fi,last_name_sk,last_name_sv
8473986,https://assets.nhle.com/mugs/nhl/20262027/ANA/8473986.png,L,1,1,0,1,1,0,0,0,0,0,2,0.5,914.0,22.0,0.0,Alex,Killorn,,,,,,
8475798,https://assets.nhle.com/mugs/nhl/20262027/ANA/8475798.png,C,1,0,1,1,1,0,0,0,0,0,0,0.0,1119.0,23.0,0.5,Mikael,Granlund,,,,,,
8478366,https://assets.nhle.com/mugs/nhl/20262027/ANA/8478366.png,R,1,0,0,0,-1,0,0,0,0,0,0,0.0,634.0,15.0,0.0,Frank,Vatrano,,,,,,
8478421,https://assets.nhle.com/mugs/nhl/20262027/ANA/8478421.png,L,1,0,1,1,-1,0,0,0,0,0,4,0.0,804.0,20.0,0.0,A.J.,Greer,,,,,,
8480068,https://assets.nhle.com/mugs/nhl/20262027/ANA/8480068.png,C,1,0,0,0,-1,0,0,0,0,0,2,0.0,843.0,20.0,0.111111,Ryan,Poehling,,,,,,
8481538,https://assets.nhle.com/mugs/nhl/20262027/ANA/8481538.png,R,1,0,0,0,1,0,0,0,0,0,0,0.0,797.0,16.0,0.0,Judd,Caulfield,,,,,,
8481605,https://assets.nhle.com/mugs/nhl/20262027/ANA/8481605.png,D,1,0,1,1,1,0,0,0,0,0,2,0.0,1777.0,33.0,0.0,Jackson,LaCombe,,,,,,
8481754,https://assets.nhle.com/mugs/nhl/20262027/ANA/8481754.png,C,1,0,0,0,0,0,0,0,0,0,0,0.0,709.0,16.0,0.0,Nikita,Nesterenko,,,,,,
8482408,https://assets.nhle.com/mugs/nhl/20262027/ANA/8482408.png,L,1,1,0,1,1,0,0,0,0,0,1,1.0,639.0,16.0,0.0,Jeff,Malott,Malottt,Malottt,Malottt,Malottt,Malottt,Malottt
8482731,https://assets.nhle.com/mugs/nhl/20262027/ANA/8482731.png,D,1,0,0,0,0,0,0,0,0,0,0,0.0,555.0,12.0,0.0,Tyson,Hinds,,,,,,
8483445,https://assets.nhle.com/mugs/nhl/20262027/ANA/8483445.png,L,1,0,1,1,1,4,0,0,0,0,5,0.0,1071.0,21.0,0.0,Cutter,Gauthier,,,,,,
8483482,https://assets.nhle.com/mugs/nhl/20262027/ANA/8483482.png,D,1,0,1,1,3,0,0,0,0,0,0,0.0,1618.0,28.0,0.0,Tristan,Luneau,,,,,,
8483490,https://assets.nhle.com/mugs/nhl/20262027/ANA/8483490.png,D,1,0,0,0,1,0,0,0,0,0,1,0.0,1270.0,28.0,0.0,Pavel,Mintyukov,Mintjukov,,,Mintjukov,Mintjukov,
8483521,https://assets.nhle.com/mugs/nhl/20262027/ANA/8483521.png,D,1,0,1,1,0,0,0,0,0,0,0,0.0,573.0,16.0,0.0,Noah,Warren,,,,,,
8484153,https://assets.nhle.com/mugs/nhl/20262027/ANA/8484153.png,C,1,1,1,2,1,0,0,0,1,0,1,1.0,1063.0,21.0,0.461538,Leo,Carlsson,,,,,,
8484262,https://assets.nhle.com/mugs/nhl/20262027/ANA/8484262.png,D,1,0,0,0,-1,0,0,0,0,0,0,0.0,1238.0,29.0,0.0,Travis,Mitchell,,,,,,
8484762,https://assets.nhle.com/mugs/nhl/20262027/ANA/8484762.png,R,1,1,0,1,2,0,0,0,0,0,1,1.0,1084.0,20.0,0.0,Beckett,Sennecke,,,,,,
8485512,https://assets.nhle.com/mugs/nhl/20262027/ANA/8485512.png,C,1,0,1,1,1,0,0,0,0,0,1,0.0,963.0,24.0,0.52381,Tim,Washe,,,,,,
