player_id,headshot,position_code,games_played,goals,assists,points,plus_minus,penalty_minutes,power_play_goals,shorthanded_goals,game_winning_goals,overtime_goals,shots,shooting_pctg,avg_time_on_ice_per_game,avg_shifts_per_game,faceoff_win_pctg,first_name_default,first_name_cs,first_name_fi,first_name_sk,last_name_default
8475200,https://assets.nhle.com/mugs/nhl/20262027/SJS/8475200.png,D,1,0,0,0,-1,0,0,0,0,0,1,0.0,1075.0,23.0,0.0,Dmitry,Dmitrij,Dmitri,Dmitrij,Orlov
8475726,https://assets.nhle.com/mugs/nhl/20262027/SJS/8475726.png,C,1,0,0,0,-1,0,0,0,0,0,1,0.0,564.0,13.0,0.0,Tyler,,,,Toffoli
8476624,https://assets.nhle.com/mugs/nhl/20262027/SJS/8476624.png,C,1,0,0,0,0,0,0,0,0,0,0,0.0,849.0,19.0,0.0,Barclay,,,,Goodrow
8476885,https://assets.nhle.com/mugs/nhl/20262027/SJS/8476885.png,D,1,0,0,0,0,5,0,0,0,0,2,0.0,1355.0,27.0,0.0,Jacob,,,,Trouba
8477498,https://assets.nhle.com/mugs/nhl/20262027/SJS/8477498.png,D,1,0,0,0,0,4,0,0,0,0,0,0.0,1027.0,24.0,0.0,Darnell,,,,Nurse
8477505,https://assets.nhle.com/mugs/nhl/20262027/SJS/8477505.png,C,1,0,0,0,1,0,0,0,0,0,3,0.0,1304.0,29.0,0.555556,Alexander,,,,Wennberg
8478975,https://assets.nhle.com/mugs/nhl/20262027/SJS/8478975.png,L,1,1,0,1,0,2,0,0,0,0,4,0.25,764.0,19.0,0.0,Mason,,,,Marchment
8480748,https://assets.nhle.com/mugs/nhl/20262027/SJS/8480748.png,L,1,0,0,0,0,4,0,0,0,0,1,0.0,841.0,20.0,0.0,Kiefer,,,,Sherwood
8480891,https://assets.nhle.com/mugs/nhl/20262027/SJS/8480891.png,D,1,0,0,0,0,0,0,0,0,0,1,0.0,1186.0,26.0,0.0,Michael,,,,Kesselring
8482700,https://assets.nhle.com/mugs/nhl/20262027/SJS/8482700.png,D,1,0,0,0,1,0,0,0,0,0,1,0.0,1244.0,27.0,0.0,Nolan,,,,Allan
8482859,https://assets.nhle.com/mugs/nhl/20262027/SJS/8482859.png,C,1,0,0,0,0,0,0,0,0,0,0,0.0,689.0,18.0,0.0,Zack,,,,Ostapchuk
8484152,https://assets.nhle.com/mugs/nhl/20262027/SJS/8484152.png,D,1,1,1,2,1,2,0,0,1,1,3,0.333333,1277.0,24.0,0.0,Luca,,,,Cagnoni
8484227,https://assets.nhle.com/mugs/nhl/20262027/SJS/8484227.png,C,1,2,1,3,2,0,1,1,0,0,3,0.666667,1209.0,24.0,0.0,Will,,,,Smith
8484801,https://assets.nhle.com/mugs/nhl/20262027/SJS/8484801.png,C,1,0,3,3,1,0,0,0,0,0,7,0.0,1377.0,25.0,0.5,Macklin,,,,Celebrini
8484911,https://assets.nhle.com/mugs/nhl/20262027/SJS/8484911.png,R,1,0,0,0,0,5,0,0,0,0,0,0.0,1008.0,21.0,0.25,Collin,,,,Graf
8484994,https://assets.nhle.com/mugs/nhl/20262027/SJS/8484994.png,L,1,0,0,0,-1,0,0,0,0,0,1,0.0,733.0,17.0,0.0,Igor,,,,Chernyshov
8485402,https://assets.nhle.com/mugs/nhl/20262027/SJS/8485402.png,C,1,0,0,0,-1,0,0,0,0,0,4,0.0,694.0,16.0,0.454545,Michael,,,,Misa
8486103,https://assets.nhle.com/mugs/nhl/20262027/SJS/8486103.png,L,1,0,0,0,0,0,0,0,0,0,0,0.0,815.0,16.0,1.0,Ivar,,,,Stenberg
