player_id,headshot,position_code,games_played,goals,assists,points,plus_minus,penalty_minutes,power_play_goals,shorthanded_goals,game_winning_goals,overtime_goals,shots,shooting_pctg,avg_time_on_ice_per_game,avg_shifts_per_game,faceoff_win_pctg,first_name_default,last_name_default,first_name_fr,last_name_cs,last_name_fi,last_name_sk
8476459,https://assets.nhle.com/mugs/nhl/20262027/NYR/8476459.png,C,3,1,1,2,0,0,1,0,0,0,6,0.166667,1175.0,25.0,0.6,Mika,Zibanejad,,,,
8476468,https://assets.nhle.com/mugs/nhl/20262027/NYR/8476468.png,C,3,0,0,0,1,4,0,0,0,0,5,0.0,984.3333,23.6667,0.531915,J.T.,Miller,,,,
8477416,https://assets.nhle.com/mugs/nhl/20262027/NYR/8477416.png,R,3,0,1,1,1,0,0,0,0,0,5,0.0,806.6667,19.3333,0.0,Oliver,Bjorkstrand,,,,
8477969,https://assets.nhle.com/mugs/nhl/20262027/NYR/8477969.png,D,3,0,0,0,2,0,0,0,0,0,3,0.0,1334.0,25.6667,0.0,Marcus,Pettersson,,,,
8478882,https://assets.nhle.com/mugs/nhl/20262027/NYR/8478882.png,D,3,0,0,0,-1,0,0,0,0,0,1,0.0,1288.3333,27.0,0.0,Vladislav,Gavrikov,,,,
8479323,https://assets.nhle.com/mugs/nhl/20262027/NYR/8479323.png,D,3,0,3,3,-1,2,0,0,0,0,2,0.0,1206.3333,26.3333,0.0,Adam,Fox,,,,
8480009,https://assets.nhle.com/mugs/nhl/20262027/NYR/8480009.png,R,3,2,0,2,2,0,0,0,0,0,4,0.5,793.3333,21.6667,0.0,Eeli,Tolvanen,,,,
8480434,https://assets.nhle.com/mugs/nhl/20262027/NYR/8480434.png,D,3,1,0,1,0,9,1,0,1,0,3,0.333333,1269.3333,24.6667,0.0,Sean,Durzi,,,,
8480813,https://assets.nhle.com/mugs/nhl/20262027/NYR/8480813.png,C,3,0,0,0,0,2,0,0,0,0,1,0.0,885.3333,21.0,0.538462,Joseph,Veleno,Joe,,,
8481604,https://assets.nhle.com/mugs/nhl/20262027/NYR/8481604.png,R,3,1,1,2,-1,0,0,0,1,0,12,0.083333,941.0,20.6667,0.0,Pavel,Dorofeyev,,Dorofejev,Dorofejev,Dorofejev
8481789,https://assets.nhle.com/mugs/nhl/20262027/NYR/8481789.png,L,3,0,1,1,0,0,0,0,0,0,1,0.0,866.3333,20.3333,0.5,Tye,Kartye,,,,
8482073,https://assets.nhle.com/mugs/nhl/20262027/NYR/8482073.png,D,3,0,0,0,1,4,0,0,0,0,6,0.0,1032.6667,24.0,0.0,Braden,Schneider,,,,
8482109,https://assets.nhle.com/mugs/nhl/20262027/NYR/8482109.png,L,3,0,0,0,0,0,0,0,0,0,4,0.0,1100.6667,21.6667,0.666667,Alexis,Lafrenière,,,,
8482157,https://assets.nhle.com/mugs/nhl/20262027/NYR/8482157.png,L,3,0,1,1,-1,2,0,0,0,0,8,0.0,879.3333,22.0,0.571429,Will,Cuylle,,,,
8482460,https://assets.nhle.com/mugs/nhl/20262027/NYR/8482460.png,C,1,0,0,0,0,0,0,0,0,0,1,0.0,589.0,12.0,0.0,Matt,Rempe,,,,
8482877,https://assets.nhle.com/mugs/nhl/20262027/NYR/8482877.png,R,2,0,0,0,0,0,0,0,0,0,2,0.0,464.5,12.0,0.0,Jaroslav,Chmelar,,,,
8483690,https://assets.nhle.com/mugs/nhl/20262027/NYR/8483690.png,C,3,0,1,1,-1,4,0,0,0,0,2,0.0,825.0,21.6667,0.4,Noah,Laba,,,,
8484210,https://assets.nhle.com/mugs/nhl/20262027/NYR/8484210.png,R,3,1,1,2,0,0,0,0,0,0,3,0.333333,850.0,19.3333,0.0,Gabe,Perreault,,,,
8485957,https://assets.nhle.com/mugs/nhl/20262027/NYR/8485957.png,D,3,0,0,0,2,2,0,0,0,0,0,0.0,849.6667,20.0,0.0,Alberts,Smits,,,,
