player_id,headshot,position_code,games_played,goals,assists,points,plus_minus,penalty_minutes,power_play_goals,shorthanded_goals,game_winning_goals,overtime_goals,shots,shooting_pctg,avg_time_on_ice_per_game,avg_shifts_per_game,faceoff_win_pctg,first_name_default,last_name_default,last_name_cs,last_name_de,last_name_fi,last_name_sk,last_name_sv
8475799,https://assets.nhle.com/mugs/nhl/20262027/WPG/8475799.png,R,1,0,0,0,0,0,0,0,0,0,0,0.0,737.0,13.0,0.0,Nino,Niederreiter,,,,,
8476331,https://assets.nhle.com/mugs/nhl/20262027/WPG/8476331.png,D,1,1,0,1,0,0,0,0,0,0,1,1.0,1373.0,31.0,0.0,Dylan,DeMelo,Demelo,Demelo,Demelo,Demelo,Demelo
8476392,https://assets.nhle.com/mugs/nhl/20262027/WPG/8476392.png,C,1,0,2,2,0,0,0,0,0,0,2,0.0,967.0,27.0,0.5,Adam,Lowry,,,,,
8476460,https://assets.nhle.com/mugs/nhl/20262027/WPG/8476460.png,C,1,0,0,0,-1,0,0,0,0,0,0,0.0,1349.0,25.0,0.583333,Mark,Scheifele,,,,,
8476480,https://assets.nhle.com/mugs/nhl/20262027/WPG/8476480.png,C,1,0,0,0,-1,0,0,0,0,0,1,0.0,705.0,15.0,0.555556,Vladislav,Namestnikov,Naměstnikov,,,,
8477504,https://assets.nhle.com/mugs/nhl/20262027/WPG/8477504.png,D,1,0,0,0,-2,0,0,0,0,0,4,0.0,1522.0,32.0,0.0,Josh,Morrissey,,,,,
8478398,https://assets.nhle.com/mugs/nhl/20262027/WPG/8478398.png,L,1,1,1,2,0,0,1,0,0,0,9,0.111111,1256.0,25.0,0.0,Kyle,Connor,,,,,
8479983,https://assets.nhle.com/mugs/nhl/20262027/WPG/8479983.png,D,1,1,0,1,0,0,0,0,0,0,3,0.333333,1078.0,19.0,0.0,Mario,Ferraro,,,,,
8480014,https://assets.nhle.com/mugs/nhl/20262027/WPG/8480014.png,C,1,0,1,1,-2,0,0,0,0,0,1,0.0,1165.0,18.0,1.0,Gabriel,Vilardi,,,,,
8480049,https://assets.nhle.com/mugs/nhl/20262027/WPG/8480049.png,D,1,0,0,0,0,0,0,0,0,0,1,0.0,1366.0,26.0,0.0,Dylan,Samberg,,,,,
8480113,https://assets.nhle.com/mugs/nhl/20262027/WPG/8480113.png,L,1,0,0,0,0,0,0,0,0,0,0,0.0,732.0,18.0,0.0,Alex,Iafallo,,,,,
8480145,https://assets.nhle.com/mugs/nhl/20262027/WPG/8480145.png,D,1,0,0,0,-1,0,0,0,0,0,2,0.0,1477.0,32.0,0.0,Neal,Pionk,,,,,
8480289,https://assets.nhle.com/mugs/nhl/20262027/WPG/8480289.png,C,1,0,1,1,1,2,0,0,0,0,2,0.0,953.0,25.0,0.0,Morgan,Barron,,,,,
8482149,https://assets.nhle.com/mugs/nhl/20262027/WPG/8482149.png,C,1,0,1,1,-1,0,0,0,0,0,4,0.0,1026.0,20.0,0.0,Cole,Perfetti,,,,,
8482459,https://assets.nhle.com/mugs/nhl/20262027/WPG/8482459.png,D,1,0,0,0,0,9,0,0,0,0,0,0.0,358.0,13.0,0.0,Tyrel,Bauer,,,,,
8482765,https://assets.nhle.com/mugs/nhl/20262027/WPG/8482765.png,R,1,0,0,0,-1,0,0,0,0,0,1,0.0,650.0,13.0,0.0,Isak,Rosen,,,,,
8483471,https://assets.nhle.com/mugs/nhl/20262027/WPG/8483471.png,C,1,0,0,0,0,0,0,0,0,0,0,0.0,707.0,17.0,0.0,Brad,Lambert,,,,,
8486025,https://assets.nhle.com/mugs/nhl/20262027/WPG/8486025.png,C,1,0,0,0,0,0,0,0,0,0,2,0.0,942.0,19.0,0.222222,Viggo,Björck,,,,,
