player_id,headshot,position_code,games_played,goals,assists,points,plus_minus,penalty_minutes,power_play_goals,shorthanded_goals,game_winning_goals,overtime_goals,shots,shooting_pctg,avg_time_on_ice_per_game,avg_shifts_per_game,faceoff_win_pctg,first_name_default,last_name_default,first_name_cs,first_name_fi,first_name_sk
8475218,https://assets.nhle.com/mugs/nhl/20262027/EDM/8475218.png,D,2,0,0,0,5,0,0,0,0,0,2,0.0,1249.0,25.0,0.0,Mattias,Ekholm,,,
8475786,https://assets.nhle.com/mugs/nhl/20262027/EDM/8475786.png,L,1,0,0,0,1,0,0,0,0,0,3,0.0,1233.0,25.0,0.0,Zach,Hyman,,,
8476473,https://assets.nhle.com/mugs/nhl/20262027/EDM/8476473.png,D,2,0,0,0,-1,0,0,0,0,0,3,0.0,1298.0,28.5,0.0,Connor,Murphy,,,
8477934,https://assets.nhle.com/mugs/nhl/20262027/EDM/8477934.png,C,2,2,2,4,2,0,1,0,0,0,10,0.2,1247.0,25.0,0.459459,Leon,Draisaitl,,,
8477953,https://assets.nhle.com/mugs/nhl/20262027/EDM/8477953.png,R,2,1,1,2,-4,2,0,1,1,0,4,0.25,1101.5,24.5,0.0,Kasperi,Kapanen,,,
8478013,https://assets.nhle.com/mugs/nhl/20262027/EDM/8478013.png,D,2,0,0,0,-3,2,0,0,0,0,2,0.0,883.5,22.5,0.0,Jake,Walman,,,
8478402,https://assets.nhle.com/mugs/nhl/20262027/EDM/8478402.png,C,2,1,6,7,5,0,0,1,0,0,3,0.333333,1347.0,28.0,0.551724,Connor,McDavid,,,
8478472,https://assets.nhle.com/mugs/nhl/20262027/EDM/8478472.png,R,2,0,1,1,-1,2,0,0,0,0,2,0.0,902.0,25.0,0.0,Mathieu,Joseph,,,
8478854,https://assets.nhle.com/mugs/nhl/20262027/EDM/8478854.png,D,2,1,1,2,2,0,0,0,0,0,1,1.0,1373.0,29.5,0.0,Ryan,Shea,,,
8479365,https://assets.nhle.com/mugs/nhl/20262027/EDM/8479365.png,C,2,1,0,1,0,2,0,0,0,0,3,0.333333,608.0,15.5,0.5,Trent,Frederic,,,
8479368,https://assets.nhle.com/mugs/nhl/20262027/EDM/8479368.png,L,2,0,0,0,-4,2,0,0,0,0,3,0.0,719.5,20.0,1.0,Max,Jones,,,
8480029,https://assets.nhle.com/mugs/nhl/20262027/EDM/8480029.png,L,2,0,1,1,3,0,0,0,0,0,2,0.0,942.0,24.5,0.0,Alex,Formenton,,,
8480803,https://assets.nhle.com/mugs/nhl/20262027/EDM/8480803.png,D,2,4,4,8,5,0,0,0,0,0,10,0.4,1501.0,29.5,0.0,Evan,Bouchard,,,
8481617,https://assets.nhle.com/mugs/nhl/20262027/EDM/8481617.png,R,2,3,1,4,1,0,2,0,0,0,11,0.272727,1092.0,25.0,0.0,Vasily,Podkolzin,Vasilij,Vasili,Vasilij
8482166,https://assets.nhle.com/mugs/nhl/20262027/EDM/8482166.png,D,2,0,0,0,-6,0,0,0,0,0,0,0.0,692.0,17.5,0.0,Shakir,Mukhamadullin,,,
8482703,https://assets.nhle.com/mugs/nhl/20262027/EDM/8482703.png,C,2,0,0,0,-4,0,0,0,0,0,4,0.0,827.5,22.0,0.541667,Colton,Dach,,,
8483455,https://assets.nhle.com/mugs/nhl/20262027/EDM/8483455.png,L,2,0,1,1,0,0,0,0,0,0,4,0.0,662.0,16.5,0.0,Isaac,Howard,,,
8484509,https://assets.nhle.com/mugs/nhl/20262027/EDM/8484509.png,C,1,0,0,0,0,0,0,0,0,0,0,0.0,521.0,15.0,0.5,Josh,Samanski,,,
8486161,https://assets.nhle.com/mugs/nhl/20262027/EDM/8486161.png,R,2,1,0,1,-1,0,0,0,0,0,1,1.0,652.5,21.0,0.5,Owen,Michaels,,,
