player_id,headshot,position_code,games_played,goals,assists,points,plus_minus,penalty_minutes,power_play_goals,shorthanded_goals,game_winning_goals,overtime_goals,shots,shooting_pctg,avg_time_on_ice_per_game,avg_shifts_per_game,faceoff_win_pctg,first_name_default,last_name_default,first_name_cs,first_name_sk
8475842,https://assets.nhle.com/mugs/nhl/20262027/BUF/8475842.png,C,2,0,0,0,-2,0,0,0,0,0,1,0.0,451.5,15.0,0.5,Sam,Carrick,,
8476891,https://assets.nhle.com/mugs/nhl/20262027/BUF/8476891.png,D,1,0,0,0,-1,0,0,0,0,0,0,0.0,867.0,22.0,0.0,Matt,Grzelcyk,,
8479359,https://assets.nhle.com/mugs/nhl/20262027/BUF/8479359.png,L,2,0,0,0,-2,0,0,0,0,0,1,0.0,501.0,16.0,0.0,Beck,Malenstyn,,
8479420,https://assets.nhle.com/mugs/nhl/20262027/BUF/8479420.png,C,2,1,1,2,2,2,0,0,0,0,8,0.125,1183.5,25.5,0.5,Tage,Thompson,,
8480064,https://assets.nhle.com/mugs/nhl/20262027/BUF/8480064.png,C,2,0,1,1,1,0,0,0,0,0,2,0.0,985.5,23.0,0.538462,Josh,Norris,,
8480802,https://assets.nhle.com/mugs/nhl/20262027/BUF/8480802.png,C,2,0,1,1,-3,0,0,0,0,0,1,0.0,861.5,20.5,0.48,Ryan,McLeod,,
8480807,https://assets.nhle.com/mugs/nhl/20262027/BUF/8480807.png,D,2,1,1,2,-2,4,0,0,0,0,2,0.5,1276.0,26.0,0.0,Mattias,Samuelsson,,
8480839,https://assets.nhle.com/mugs/nhl/20262027/BUF/8480839.png,D,2,1,0,1,0,0,0,0,0,0,7,0.142857,1540.5,27.0,0.0,Rasmus,Dahlin,,
8481522,https://assets.nhle.com/mugs/nhl/20262027/BUF/8481522.png,C,2,0,1,1,-1,0,0,0,0,0,1,0.0,860.0,20.0,0.0,Peyton,Krebs,,
8481806,https://assets.nhle.com/mugs/nhl/20262027/BUF/8481806.png,D,2,0,1,1,2,0,0,0,0,0,2,0.0,1001.0,23.5,0.0,Louis,Crevier,,
8482097,https://assets.nhle.com/mugs/nhl/20262027/BUF/8482097.png,R,2,2,0,2,0,0,0,0,0,0,9,0.222222,1196.5,23.5,0.0,Jack,Quinn,,
8482659,https://assets.nhle.com/mugs/nhl/20262027/BUF/8482659.png,R,2,0,0,0,1,2,0,0,0,0,4,0.0,1116.0,25.5,0.5,Josh,Doan,,
8482671,https://assets.nhle.com/mugs/nhl/20262027/BUF/8482671.png,D,2,0,3,3,0,0,0,0,0,0,1,0.0,1518.5,29.5,0.0,Owen,Power,,
8482803,https://assets.nhle.com/mugs/nhl/20262027/BUF/8482803.png,D,1,0,0,0,0,0,0,0,0,0,1,0.0,931.0,21.0,0.0,Olen,Zellweger,,
8483468,https://assets.nhle.com/mugs/nhl/20262027/BUF/8483468.png,C,2,1,0,1,0,0,0,0,1,0,2,0.5,668.0,18.0,0.571429,Jiri,Kulich,Jiří,Jiří
8483500,https://assets.nhle.com/mugs/nhl/20262027/BUF/8483500.png,C,2,0,2,2,1,0,0,0,0,0,5,0.0,1022.5,22.5,0.409091,Noah,Ostlund,,
8484145,https://assets.nhle.com/mugs/nhl/20262027/BUF/8484145.png,L,2,0,1,1,0,2,0,0,0,0,2,0.0,1143.5,23.5,0.333333,Zach,Benson,,
8484305,https://assets.nhle.com/mugs/nhl/20262027/BUF/8484305.png,D,2,0,1,1,1,5,0,0,0,0,0,0.0,641.0,17.0,0.0,Zach,Metsa,,
8484797,https://assets.nhle.com/mugs/nhl/20262027/BUF/8484797.png,C,2,1,0,1,0,0,0,0,0,0,5,0.2,894.0,20.5,0.0,Konsta,Helenius,,
