player_id,headshot,position_code,games_played,goals,assists,points,plus_minus,penalty_minutes,power_play_goals,shorthanded_goals,game_winning_goals,overtime_goals,shots,shooting_pctg,avg_time_on_ice_per_game,avg_shifts_per_game,faceoff_win_pctg,first_name_default,last_name_default,first_name_cs,first_name_sk,last_name_cs,last_name_sk,first_name_fi,last_name_fi,last_name_sv
8475151,https://assets.nhle.com/mugs/nhl/20262027/NYI/8475151.png,C,1,0,0,0,0,0,0,0,0,0,4,0.0,1115.0,20.0,0.0,Kyle,Palmieri,,,,,,,
8475170,https://assets.nhle.com/mugs/nhl/20262027/NYI/8475170.png,C,1,0,0,0,0,2,0,0,0,0,1,0.0,867.0,16.0,0.333333,Brayden,Schenn,,,,,,,
8475231,https://assets.nhle.com/mugs/nhl/20262027/NYI/8475231.png,C,1,0,0,0,0,0,0,0,0,0,0,0.0,569.0,14.0,0.444444,Casey,Cizikas,,,,,,,
8476292,https://assets.nhle.com/mugs/nhl/20262027/NYI/8476292.png,L,1,0,0,0,0,0,0,0,0,0,2,0.0,606.0,15.0,0.0,Ondrej,Palat,Ondřej,Ondřej,Palát,Palát,,,
8476419,https://assets.nhle.com/mugs/nhl/20262027/NYI/8476419.png,C,1,0,0,0,-1,0,0,0,0,0,1,0.0,830.0,19.0,0.538462,Jean-Gabriel,Pageau,,,,,,,
8476917,https://assets.nhle.com/mugs/nhl/20262027/NYI/8476917.png,D,1,0,0,0,0,0,0,0,0,0,0,0.0,1191.0,31.0,0.0,Adam,Pelech,,,,,,,
8477407,https://assets.nhle.com/mugs/nhl/20262027/NYI/8477407.png,L,1,0,0,0,0,0,0,0,0,0,4,0.0,737.0,16.0,0.0,Anthony,Duclair,,,,,,,
8477500,https://assets.nhle.com/mugs/nhl/20262027/NYI/8477500.png,C,1,0,1,1,1,0,0,0,0,0,4,0.0,1351.0,23.0,0.4,Bo,Horvat,,,,,,,
8477506,https://assets.nhle.com/mugs/nhl/20262027/NYI/8477506.png,D,1,0,0,0,0,0,0,0,0,0,0,0.0,987.0,25.0,0.0,Ryan,Pulock,,,,,,,
8477950,https://assets.nhle.com/mugs/nhl/20262027/NYI/8477950.png,D,1,0,0,0,-1,0,0,0,0,0,0,0.0,1034.0,21.0,0.0,Tony,DeAngelo,,,,,,,
8479378,https://assets.nhle.com/mugs/nhl/20262027/NYI/8479378.png,D,1,0,0,0,0,0,0,0,0,0,0,0.0,906.0,19.0,0.0,Logan,Stanley,,,,,,,
8481014,https://assets.nhle.com/mugs/nhl/20262027/NYI/8481014.png,D,1,0,0,0,1,0,0,0,0,0,2,0.0,1029.0,21.0,0.0,Alexander,Romanov,Alexandr,Alexandr,,,Aleksander,,
8481601,https://assets.nhle.com/mugs/nhl/20262027/NYI/8481601.png,R,1,0,0,0,0,0,0,0,0,0,0,0.0,1217.0,22.0,0.0,Simon,Holmstrom,,,Holmström,Holmström,,Holmström,Holmström
8481711,https://assets.nhle.com/mugs/nhl/20262027/NYI/8481711.png,L,1,0,0,0,0,2,0,0,0,0,1,0.0,1059.0,18.0,0.0,Matias,Maccelli,,,,,,,
8482476,https://assets.nhle.com/mugs/nhl/20262027/NYI/8482476.png,L,1,1,0,1,0,0,0,1,0,0,1,1.0,806.0,20.0,0.0,Emil,Heineman,,,,,,,
8484221,https://assets.nhle.com/mugs/nhl/20262027/NYI/8484221.png,C,1,0,0,0,0,0,0,0,0,0,2,0.0,963.0,19.0,0.333333,Calum,Ritchie,,,,,,,
8485366,https://assets.nhle.com/mugs/nhl/20262027/NYI/8485366.png,D,1,0,0,0,0,2,0,0,0,0,3,0.0,1665.0,27.0,0.0,Matthew,Schaefer,,,,,,,
8485388,https://assets.nhle.com/mugs/nhl/20262027/NYI/8485388.png,R,1,0,0,0,-1,2,0,0,0,0,2,0.0,718.0,16.0,0.0,Victor,Eklund,,,,,,,
