player_id,headshot,position_code,games_played,goals,assists,points,plus_minus,penalty_minutes,power_play_goals,shorthanded_goals,game_winning_goals,overtime_goals,shots,shooting_pctg,avg_time_on_ice_per_game,avg_shifts_per_game,faceoff_win_pctg,first_name_default,last_name_default,last_name_cs,last_name_fi,last_name_sk,first_name_cs,first_name_de,first_name_es,first_name_fi,first_name_sk,first_name_sv
8475764,https://assets.nhle.com/mugs/nhl/20262027/STL/8475764.png,D,1,0,0,0,1,2,0,0,0,0,2,0.0,1358.0,29.0,0.0,Cam,Fowler,,,,,,,,,
8476892,https://assets.nhle.com/mugs/nhl/20262027/STL/8476892.png,D,1,0,1,1,2,0,0,0,0,0,2,0.0,1227.0,24.0,0.0,Colton,Parayko,,,,,,,,,
8477402,https://assets.nhle.com/mugs/nhl/20262027/STL/8477402.png,L,1,0,0,0,2,0,0,0,0,0,0,0.0,1031.0,25.0,0.0,Pavel,Buchnevich,Bučněvič,Butshnevitsh,Bučněvič,,,,,,
8477527,https://assets.nhle.com/mugs/nhl/20262027/STL/8477527.png,L,1,0,0,0,1,0,0,0,0,0,0,0.0,596.0,16.0,0.0,Ross,Johnston,,,,,,,,,
8478443,https://assets.nhle.com/mugs/nhl/20262027/STL/8478443.png,D,1,0,0,0,0,15,0,0,0,0,0,0.0,927.0,20.0,0.0,Brandon,Carlo,,,,,,,,,
8480023,https://assets.nhle.com/mugs/nhl/20262027/STL/8480023.png,C,1,0,0,0,1,0,0,0,0,0,0,0.0,1379.0,26.0,0.5,Robert,Thomas,,,,,,,,,
8480281,https://assets.nhle.com/mugs/nhl/20262027/STL/8480281.png,R,1,0,0,0,0,0,0,0,0,0,0,0.0,308.0,8.0,0.0,Alexey,Toropchenko,Toropčenko,Toroptshenko,Toropčenko,Alexej,Alexei,Alexei,Aleksei,Alexej,Alexei
8480459,https://assets.nhle.com/mugs/nhl/20262027/STL/8480459.png,C,1,1,1,2,2,0,0,0,0,0,4,0.25,865.0,21.0,0.222222,Pius,Suter,,,,,,,,,
8481013,https://assets.nhle.com/mugs/nhl/20262027/STL/8481013.png,R,1,0,0,0,0,0,0,0,0,0,0,0.0,828.0,17.0,0.0,Jonatan,Berggren,,,,,,,,,
8481580,https://assets.nhle.com/mugs/nhl/20262027/STL/8481580.png,L,1,0,1,1,1,0,0,0,0,0,1,0.0,783.0,24.0,1.0,Connor,McMichael,,,,,,,,,
8481598,https://assets.nhle.com/mugs/nhl/20262027/STL/8481598.png,D,1,0,1,1,2,0,0,0,0,0,1,0.0,1388.0,27.0,0.0,Philip,Broberg,,,,,,,,,
8482077,https://assets.nhle.com/mugs/nhl/20262027/STL/8482077.png,L,1,0,0,0,0,0,0,0,0,0,1,0.0,1161.0,23.0,0.0,Dylan,Holloway,,,,,,,,,
8482089,https://assets.nhle.com/mugs/nhl/20262027/STL/8482089.png,L,1,0,0,0,1,7,0,0,0,0,1,0.0,783.0,18.0,0.0,Jake,Neighbours,,,,,,,,,
8482745,https://assets.nhle.com/mugs/nhl/20262027/STL/8482745.png,C,1,1,0,1,1,0,0,0,1,0,3,0.333333,876.0,22.0,0.333333,Mason,McTavish,,,,,,,,,
8483516,https://assets.nhle.com/mugs/nhl/20262027/STL/8483516.png,R,1,1,1,2,2,0,0,0,0,0,4,0.25,1139.0,20.0,0.0,Jimmy,Snuggerud,,,,,,,,,
8484164,https://assets.nhle.com/mugs/nhl/20262027/STL/8484164.png,R,1,1,0,1,1,0,0,0,0,0,2,0.5,783.0,18.0,0.4,Dalibor,Dvorsky,,,,,,,,,
8484188,https://assets.nhle.com/mugs/nhl/20262027/STL/8484188.png,D,1,0,0,0,2,0,0,0,0,0,1,0.0,913.0,24.0,0.0,Theo,Lindstein,,,,,,,,,
8484790,https://assets.nhle.com/mugs/nhl/20262027/STL/8484790.png,D,1,0,0,0,1,0,0,0,0,0,2,0.0,995.0,20.0,0.0,Adam,Jiricek,,,,,,,,,
