sport,date_time,team1,team2,team1_win_pct,team2_win_pct,team1_moneyline,team2_moneyline,team1_spread,team2_spread,proj_score_1,proj_score_2,total,over_line,under_line,score1,score2,game_status
NHL,10/03/2026 07:07 PM,Chicago Blackhawks (0-2-0),Buffalo Sabres (0-1-0),34.7%,65.3%,+198,-223,+1½-130,-1½+110,2.48,3.70,6.18,o6½+110,u6+105,,,upcoming
NHL,10/03/2026 07:07 PM,Seattle Kraken (1-0-0),Edmonton Oilers (1-0-1),28.1%,71.9%,+180,-200,+1½-135,-1½+125,2.49,3.94,6.43,o6½+100,u6½-110,,,upcoming
NHL,10/03/2026 07:07 PM,Washington Capitals (0-0-0),Tampa Bay Lightning (0-1-0),39.1%,60.9%,+143,-150,+1½-170,-1½+160,2.55,3.61,6.16,o6½+115,u6+100,,,upcoming
NHL,10/03/2026 07:07 PM,Montreal Canadiens (1-0-0),Pittsburgh Penguins (1-0-0),51.1%,48.9%,-127,+114,-1½+200,+1½-220,3.34,3.22,6.56,o6½+105,u6½-115,,,upcoming
NHL,10/03/2026 07:07 PM,Utah Mammoth (1-0-0),Columbus Blue Jackets (1-0-0),49.5%,50.5%,-108,-104,-1½+230,-1½+220,2.98,3.02,6.00,o6+100,u6-110,,,upcoming
NHL,10/03/2026 07:07 PM,Carolina Hurricanes (0-0-1),Philadelphia Flyers (0-1-1),57.7%,42.3%,-125,+112,-1½+195,+1½-220,3.37,2.55,5.92,o6-110,u5½+120,,,upcoming
NHL,10/03/2026 07:07 PM,Ottawa Senators (0-0-0),Toronto Maple Leafs (1-1-0),48.5%,51.5%,+100,-112,+1½-250,-1½+220,3.02,3.18,6.20,o6½+105,u6+100,,,upcoming
NHL,10/03/2026 07:37 PM,New Jersey Devils (1-0-0),New York Islanders (0-1-0),52.8%,47.2%,-128,+115,-1½+200,+1½-235,3.01,2.71,5.72,o6-105,u6-110,,,upcoming
NHL,10/03/2026 08:07 PM,Dallas Stars (0-0-0),Nashville Predators (0-1-0),54.7%,45.3%,-125,+115,-1½+195,+1½-200,3.23,2.73,5.96,o5½-130,u5½+115,,,upcoming
NHL,10/03/2026 08:07 PM,Boston Bruins (1-0-0),Minnesota Wild (1-0-0),33.7%,66.3%,+170,-180,+1½-150,-1½+135,2.36,3.61,5.97,o6½+115,u6+100,,,upcoming
NHL,10/03/2026 09:07 PM,St. Louis Blues (0-0-0),Colorado Avalanche (1-0-0),24.6%,75.4%,+250,-270,+1½+100,-1½-112,2.09,3.80,5.89,o6½+115,u6+105,,,upcoming
NHL,10/03/2026 10:07 PM,Calgary Flames (0-1-0),Vancouver Canucks (1-1-0),48.2%,51.8%,-102,-110,+1½-255,-1½+225,2.94,3.14,6.08,o6½+105,u6+100,,,upcoming
NHL,10/03/2026 10:07 PM,Los Angeles Kings (0-1-0),San Jose Sharks (1-0-0),54.0%,46.0%,+100,-110,+1½-245,-1½+220,3.21,2.77,5.98,o6½+105,u6½-125,,,upcoming
