espn_event_id,$ref,details,over_under,spread,over_odds,under_odds,links,moneyline_winner,spread_winner,provider_$ref,provider_id,provider_name,provider_priority,away_team_odds_favorite,away_team_odds_underdog,away_team_odds_money_line,away_team_odds_spread_odds,away_team_odds_open_favorite,away_team_odds_open_point_spread_alternate_display_value,away_team_odds_open_point_spread_american,away_team_odds_open_spread_value,away_team_odds_open_spread_display_value,away_team_odds_open_spread_alternate_display_value,away_team_odds_open_spread_decimal,away_team_odds_open_spread_fraction,away_team_odds_open_spread_american,away_team_odds_open_money_line_value,away_team_odds_open_money_line_display_value,away_team_odds_open_money_line_alternate_display_value,away_team_odds_open_money_line_decimal,away_team_odds_open_money_line_fraction,away_team_odds_open_money_line_american,away_team_odds_current_point_spread_alternate_display_value,away_team_odds_current_point_spread_american,away_team_odds_current_spread_value,away_team_odds_current_spread_display_value,away_team_odds_current_spread_alternate_display_value,away_team_odds_current_spread_decimal,away_team_odds_current_spread_fraction,away_team_odds_current_spread_american,away_team_odds_current_money_line_value,away_team_odds_current_money_line_display_value,away_team_odds_current_money_line_alternate_display_value,away_team_odds_current_money_line_decimal,away_team_odds_current_money_line_fraction,away_team_odds_current_money_line_american,away_team_odds_team_$ref,home_team_odds_favorite,home_team_odds_underdog,home_team_odds_money_line,home_team_odds_spread_odds,home_team_odds_open_favorite,home_team_odds_open_point_spread_alternate_display_value,home_team_odds_open_point_spread_american,home_team_odds_open_spread_value,home_team_odds_open_spread_display_value,home_team_odds_open_spread_alternate_display_value,home_team_odds_open_spread_decimal,home_team_odds_open_spread_fraction,home_team_odds_open_spread_american,home_team_odds_open_money_line_value,home_team_odds_open_money_line_display_value,home_team_odds_open_money_line_alternate_display_value,home_team_odds_open_money_line_decimal,home_team_odds_open_money_line_fraction,home_team_odds_open_money_line_american,home_team_odds_current_point_spread_alternate_display_value,home_team_odds_current_point_spread_american,home_team_odds_current_spread_value,home_team_odds_current_spread_display_value,home_team_odds_current_spread_alternate_display_value,home_team_odds_current_spread_decimal,home_team_odds_current_spread_fraction,home_team_odds_current_spread_american,home_team_odds_current_money_line_value,home_team_odds_current_money_line_display_value,home_team_odds_current_money_line_alternate_display_value,home_team_odds_current_money_line_decimal,home_team_odds_current_money_line_fraction,home_team_odds_current_money_line_american,home_team_odds_team_$ref,open_over_value,open_over_display_value,open_over_alternate_display_value,open_over_decimal,open_over_fraction,open_over_american,open_under_value,open_under_display_value,open_under_alternate_display_value,open_under_decimal,open_under_fraction,open_under_american,open_total_alternate_display_value,open_total_american,current_over_value,current_over_display_value,current_over_alternate_display_value,current_over_decimal,current_over_fraction,current_over_american,current_under_value,current_under_display_value,current_under_alternate_display_value,current_under_decimal,current_under_fraction,current_under_american,current_total_alternate_display_value,current_total_american,prop_bets_$ref
401891779,http://sports.core.api.espn.com/v2/sports/hockey/leagues/nhl/events/401891779/competitions/401891779/odds/100?lang=en&region=us,STL -142,5.5,1.5,-120.0,100.0,"[{'language': 'en-US', 'rel': ['home', 'desktop', 'bets', 'draftkings'], 'href': 'https://sportsbook.draftkings.com/gateway?s=__s__&wpcid=__wpcid__&wpsrc=413&wpcn=ESPN&wpscn=Widget&wpcrn=BetSlipDeepLink&wpscid=__wpscid__&wpcrid=xx&preurl=https%3A%2F%2Fsportsbook.draftkings.com%2Fevent%2F34400129%3Foutcomes%3D0ML85514968_1', 'text': 'Home Bet', 'shortText': 'Home Bet', 'isExternal': True, 'isPremium': False}, {'language': 'en-US', 'rel': ['away', 'desktop', 'bets', 'draftkings'], 'href': 'https://sportsbook.draftkings.com/gateway?s=__s__&wpcid=__wpcid__&wpsrc=413&wpcn=ESPN&wpscn=Widget&wpcrn=BetSlipDeepLink&wpscid=__wpscid__&wpcrid=xx&preurl=https%3A%2F%2Fsportsbook.draftkings.com%2Fevent%2F34400129%3Foutcomes%3D0ML85514968_3', 'text': 'Away Bet', 'shortText': 'Away Bet', 'isExternal': True, 'isPremium': False}, {'language': 'en-US', 'rel': ['homeSpread', 'desktop', 'bets'], 'href': 'https://sportsbook.draftkings.com/gateway?s=__s__&wpcid=__wpcid__&wpsrc=413&wpcn=ESPN&wpscn=Widget&wpcrn=BetSlipDeepLink&wpscid=__wpscid__&wpcrid=xx&preurl=https%3A%2F%2Fsportsbook.draftkings.com%2Fevent%2F34400129%3Foutcomes%3D0HC85514968P150_1', 'text': 'Home Point Spread', 'shortText': 'Home Point Spread', 'isExternal': True, 'isPremium': False}, {'language': 'en-US', 'rel': ['awaySpread', 'desktop', 'bets'], 'href': 'https://sportsbook.draftkings.com/gateway?s=__s__&wpcid=__wpcid__&wpsrc=413&wpcn=ESPN&wpscn=Widget&wpcrn=BetSlipDeepLink&wpscid=__wpscid__&wpcrid=xx&preurl=https%3A%2F%2Fsportsbook.draftkings.com%2Fevent%2F34400129%3Foutcomes%3D0HC85514968N150_3', 'text': 'Away Point Spread', 'shortText': 'Away Point Spread', 'isExternal': True, 'isPremium': False}, {'language': 'en-US', 'rel': ['over', 'desktop', 'bets'], 'href': 'https://sportsbook.draftkings.com/gateway?s=__s__&wpcid=__wpcid__&wpsrc=413&wpcn=ESPN&wpscn=Widget&wpcrn=BetSlipDeepLink&wpscid=__wpscid__&wpcrid=xx&preurl=https%3A%2F%2Fsportsbook.draftkings.com%2Fevent%2F34400129%3Foutcomes%3D0OU85514968O550_1', 'text': 'Over Odds', 'shortText': 'Over Odds', 'isExternal': True, 'isPremium': False}, {'language': 'en-US', 'rel': ['under', 'desktop', 'bets'], 'href': 'https://sportsbook.draftkings.com/gateway?s=__s__&wpcid=__wpcid__&wpsrc=413&wpcn=ESPN&wpscn=Widget&wpcrn=BetSlipDeepLink&wpscid=__wpscid__&wpcrid=xx&preurl=https%3A%2F%2Fsportsbook.draftkings.com%2Fevent%2F34400129%3Foutcomes%3D0OU85514968U550_3', 'text': 'Under Odds', 'shortText': 'Under Odds', 'isExternal': True, 'isPremium': False}, {'language': 'en-US', 'rel': ['game', 'desktop', 'bets'], 'href': 'https://sportsbook.draftkings.com/gateway?s=__s__&wpcid=__wpcid__&wpsrc=413&wpcn=ESPN&wpscn=Widget&wpcrn=BetSlipDeepLink&wpscid=__wpscid__&wpcrid=xx&preurl=https%3A%2F%2Fsportsbook.draftkings.com%2Fevent%2F34400129', 'text': 'Game', 'shortText': 'Game', 'isExternal': True, 'isPremium': False}]",False,False,http://sports.core.api.espn.com/v2/sports/hockey/leagues/nhl/providers/100?lang=en&region=us,100,DraftKings,1,True,False,-142,190.0,False,+1.5,+1.5,1.37,10/27,-270,1.37,10/27,-270,1.9,10/11,-110,1.9,10/11,-110,-1.5,-1.5,2.9,19/10,+190,2.9,19/10,+190,1.7,50/71,-142,1.7,50/71,-142,http://sports.core.api.espn.com/v2/sports/hockey/leagues/nhl/seasons/2027/teams/19?lang=en&region=us,False,True,120,-230.0,True,-1.5,-1.5,3.2,11/5,+220,3.2,11/5,+220,1.9,10/11,-110,1.9,10/11,-110,+1.5,+1.5,1.43,10/23,-230,1.43,10/23,-230,2.2,6/5,+120,2.2,6/5,+120,http://sports.core.api.espn.com/v2/sports/hockey/leagues/nhl/seasons/2027/teams/4?lang=en&region=us,1.9,10/11,-110,1.9,10/11,-110,1.9,10/11,-110,1.9,10/11,-110,5.5,5.5,1.83,5/6,-120,1.83,5/6,-120,2.0,1/1,+100,2.0,1/1,+100,5.5,5.5,http://sports.core.api.espn.com/v2/sports/hockey/leagues/nhl/events/401891779/competitions/401891779/odds/100/propBets?lang=en&region=us
401891806,http://sports.core.api.espn.com/v2/sports/hockey/leagues/nhl/events/401891806/competitions/401891806/odds/100?lang=en&region=us,FLA -122,5.5,1.5,-130.0,110.0,"[{'language': 'en-US', 'rel': ['home', 'desktop', 'bets', 'draftkings'], 'href': 'https://sportsbook.draftkings.com/gateway?s=__s__&wpcid=__wpcid__&wpsrc=413&wpcn=ESPN&wpscn=Widget&wpcrn=BetSlipDeepLink&wpscid=__wpscid__&wpcrid=xx&preurl=https%3A%2F%2Fsportsbook.draftkings.com%2Fevent%2F34400130%3Foutcomes%3D0ML85514970_1', 'text': 'Home Bet', 'shortText': 'Home Bet', 'isExternal': True, 'isPremium': False}, {'language': 'en-US', 'rel': ['away', 'desktop', 'bets', 'draftkings'], 'href': 'https://sportsbook.draftkings.com/gateway?s=__s__&wpcid=__wpcid__&wpsrc=413&wpcn=ESPN&wpscn=Widget&wpcrn=BetSlipDeepLink&wpscid=__wpscid__&wpcrid=xx&preurl=https%3A%2F%2Fsportsbook.draftkings.com%2Fevent%2F34400130%3Foutcomes%3D0ML85514970_3', 'text': 'Away Bet', 'shortText': 'Away Bet', 'isExternal': True, 'isPremium': False}, {'language': 'en-US', 'rel': ['homeSpread', 'desktop', 'bets'], 'href': 'https://sportsbook.draftkings.com/gateway?s=__s__&wpcid=__wpcid__&wpsrc=413&wpcn=ESPN&wpscn=Widget&wpcrn=BetSlipDeepLink&wpscid=__wpscid__&wpcrid=xx&preurl=https%3A%2F%2Fsportsbook.draftkings.com%2Fevent%2F34400130%3Foutcomes%3D0HC85514970P150_1', 'text': 'Home Point Spread', 'shortText': 'Home Point Spread', 'isExternal': True, 'isPremium': False}, {'language': 'en-US', 'rel': ['awaySpread', 'desktop', 'bets'], 'href': 'https://sportsbook.draftkings.com/gateway?s=__s__&wpcid=__wpcid__&wpsrc=413&wpcn=ESPN&wpscn=Widget&wpcrn=BetSlipDeepLink&wpscid=__wpscid__&wpcrid=xx&preurl=https%3A%2F%2Fsportsbook.draftkings.com%2Fevent%2F34400130%3Foutcomes%3D0HC85514970N150_3', 'text': 'Away Point Spread', 'shortText': 'Away Point Spread', 'isExternal': True, 'isPremium': False}, {'language': 'en-US', 'rel': ['over', 'desktop', 'bets'], 'href': 'https://sportsbook.draftkings.com/gateway?s=__s__&wpcid=__wpcid__&wpsrc=413&wpcn=ESPN&wpscn=Widget&wpcrn=BetSlipDeepLink&wpscid=__wpscid__&wpcrid=xx&preurl=https%3A%2F%2Fsportsbook.draftkings.com%2Fevent%2F34400130%3Foutcomes%3D0OU85514970O550_1', 'text': 'Over Odds', 'shortText': 'Over Odds', 'isExternal': True, 'isPremium': False}, {'language': 'en-US', 'rel': ['under', 'desktop', 'bets'], 'href': 'https://sportsbook.draftkings.com/gateway?s=__s__&wpcid=__wpcid__&wpsrc=413&wpcn=ESPN&wpscn=Widget&wpcrn=BetSlipDeepLink&wpscid=__wpscid__&wpcrid=xx&preurl=https%3A%2F%2Fsportsbook.draftkings.com%2Fevent%2F34400130%3Foutcomes%3D0OU85514970U550_3', 'text': 'Under Odds', 'shortText': 'Under Odds', 'isExternal': True, 'isPremium': False}, {'language': 'en-US', 'rel': ['game', 'desktop', 'bets'], 'href': 'https://sportsbook.draftkings.com/gateway?s=__s__&wpcid=__wpcid__&wpsrc=413&wpcn=ESPN&wpscn=Widget&wpcrn=BetSlipDeepLink&wpscid=__wpscid__&wpcrid=xx&preurl=https%3A%2F%2Fsportsbook.draftkings.com%2Fevent%2F34400130', 'text': 'Game', 'shortText': 'Game', 'isExternal': True, 'isPremium': False}]",False,False,http://sports.core.api.espn.com/v2/sports/hockey/leagues/nhl/providers/100?lang=en&region=us,100,DraftKings,1,True,False,-122,205.0,True,-1.5,-1.5,2.95,39/20,+195,2.95,39/20,+195,1.76,10/13,-130,1.76,10/13,-130,-1.5,-1.5,3.05,41/20,+205,3.05,41/20,+205,1.81,50/61,-122,1.81,50/61,-122,http://sports.core.api.espn.com/v2/sports/hockey/leagues/nhl/seasons/2027/teams/26?lang=en&region=us,False,True,102,-250.0,False,+1.5,+1.5,1.42,50/119,-238,1.42,50/119,-238,2.1,11/10,+110,2.1,11/10,+110,+1.5,+1.5,1.4,2/5,-250,1.4,2/5,-250,2.02,51/50,+102,2.02,51/50,+102,http://sports.core.api.espn.com/v2/sports/hockey/leagues/nhl/seasons/2027/teams/8?lang=en&region=us,1.76,10/13,-130,1.76,10/13,-130,2.1,11/10,+110,2.1,11/10,+110,5.5,5.5,1.76,10/13,-130,1.76,10/13,-130,2.1,11/10,+110,2.1,11/10,+110,5.5,5.5,http://sports.core.api.espn.com/v2/sports/hockey/leagues/nhl/events/401891806/competitions/401891806/odds/100/propBets?lang=en&region=us
401891815,http://sports.core.api.espn.com/v2/sports/hockey/leagues/nhl/events/401891815/competitions/401891815/odds/100?lang=en&region=us,CAR -120,6.5,1.5,100.0,-120.0,"[{'language': 'en-US', 'rel': ['home', 'desktop', 'bets', 'draftkings'], 'href': 'https://sportsbook.draftkings.com/gateway?s=__s__&wpcid=__wpcid__&wpsrc=413&wpcn=ESPN&wpscn=Widget&wpcrn=BetSlipDeepLink&wpscid=__wpscid__&wpcrid=xx&preurl=https%3A%2F%2Fsportsbook.draftkings.com%2Fevent%2F34400131%3Foutcomes%3D0ML85514966_1', 'text': 'Home Bet', 'shortText': 'Home Bet', 'isExternal': True, 'isPremium': False}, {'language': 'en-US', 'rel': ['away', 'desktop', 'bets', 'draftkings'], 'href': 'https://sportsbook.draftkings.com/gateway?s=__s__&wpcid=__wpcid__&wpsrc=413&wpcn=ESPN&wpscn=Widget&wpcrn=BetSlipDeepLink&wpscid=__wpscid__&wpcrid=xx&preurl=https%3A%2F%2Fsportsbook.draftkings.com%2Fevent%2F34400131%3Foutcomes%3D0ML85514966_3', 'text': 'Away Bet', 'shortText': 'Away Bet', 'isExternal': True, 'isPremium': False}, {'language': 'en-US', 'rel': ['homeSpread', 'desktop', 'bets'], 'href': 'https://sportsbook.draftkings.com/gateway?s=__s__&wpcid=__wpcid__&wpsrc=413&wpcn=ESPN&wpscn=Widget&wpcrn=BetSlipDeepLink&wpscid=__wpscid__&wpcrid=xx&preurl=https%3A%2F%2Fsportsbook.draftkings.com%2Fevent%2F34400131%3Foutcomes%3D0HC85514966P150_1', 'text': 'Home Point Spread', 'shortText': 'Home Point Spread', 'isExternal': True, 'isPremium': False}, {'language': 'en-US', 'rel': ['awaySpread', 'desktop', 'bets'], 'href': 'https://sportsbook.draftkings.com/gateway?s=__s__&wpcid=__wpcid__&wpsrc=413&wpcn=ESPN&wpscn=Widget&wpcrn=BetSlipDeepLink&wpscid=__wpscid__&wpcrid=xx&preurl=https%3A%2F%2Fsportsbook.draftkings.com%2Fevent%2F34400131%3Foutcomes%3D0HC85514966N150_3', 'text': 'Away Point Spread', 'shortText': 'Away Point Spread', 'isExternal': True, 'isPremium': False}, {'language': 'en-US', 'rel': ['over', 'desktop', 'bets'], 'href': 'https://sportsbook.draftkings.com/gateway?s=__s__&wpcid=__wpcid__&wpsrc=413&wpcn=ESPN&wpscn=Widget&wpcrn=BetSlipDeepLink&wpscid=__wpscid__&wpcrid=xx&preurl=https%3A%2F%2Fsportsbook.draftkings.com%2Fevent%2F34400131%3Foutcomes%3D0OU85514966O650_1', 'text': 'Over Odds', 'shortText': 'Over Odds', 'isExternal': True, 'isPremium': False}, {'language': 'en-US', 'rel': ['under', 'desktop', 'bets'], 'href': 'https://sportsbook.draftkings.com/gateway?s=__s__&wpcid=__wpcid__&wpsrc=413&wpcn=ESPN&wpscn=Widget&wpcrn=BetSlipDeepLink&wpscid=__wpscid__&wpcrid=xx&preurl=https%3A%2F%2Fsportsbook.draftkings.com%2Fevent%2F34400131%3Foutcomes%3D0OU85514966U650_3', 'text': 'Under Odds', 'shortText': 'Under Odds', 'isExternal': True, 'isPremium': False}, {'language': 'en-US', 'rel': ['game', 'desktop', 'bets'], 'href': 'https://sportsbook.draftkings.com/gateway?s=__s__&wpcid=__wpcid__&wpsrc=413&wpcn=ESPN&wpscn=Widget&wpcrn=BetSlipDeepLink&wpscid=__wpscid__&wpcrid=xx&preurl=https%3A%2F%2Fsportsbook.draftkings.com%2Fevent%2F34400131', 'text': 'Game', 'shortText': 'Game', 'isExternal': True, 'isPremium': False}]",False,False,http://sports.core.api.espn.com/v2/sports/hockey/leagues/nhl/providers/100?lang=en&region=us,100,DraftKings,1,True,False,-120,205.0,True,-1.5,-1.5,3.05,41/20,+205,3.05,41/20,+205,1.83,5/6,-120,1.83,5/6,-120,-1.5,-1.5,3.05,41/20,+205,3.05,41/20,+205,1.83,5/6,-120,1.83,5/6,-120,http://sports.core.api.espn.com/v2/sports/hockey/leagues/nhl/seasons/2027/teams/7?lang=en&region=us,False,True,100,-250.0,False,+1.5,+1.5,1.4,2/5,-250,1.4,2/5,-250,2.0,1/1,+100,2.0,1/1,+100,+1.5,+1.5,1.4,2/5,-250,1.4,2/5,-250,2.0,1/1,+100,2.0,1/1,+100,http://sports.core.api.espn.com/v2/sports/hockey/leagues/nhl/seasons/2027/teams/10?lang=en&region=us,2.0,1/1,+100,2.0,1/1,+100,1.83,5/6,-120,1.83,5/6,-120,6.5,6.5,2.0,1/1,+100,2.0,1/1,+100,1.83,5/6,-120,1.83,5/6,-120,6.5,6.5,http://sports.core.api.espn.com/v2/sports/hockey/leagues/nhl/events/401891815/competitions/401891815/odds/100/propBets?lang=en&region=us
401892449,http://sports.core.api.espn.com/v2/sports/hockey/leagues/nhl/events/401892449/competitions/401892449/odds/100?lang=en&region=us,TOR -155,5.5,-1.5,-135.0,114.0,"[{'language': 'en-US', 'rel': ['home', 'desktop', 'bets', 'draftkings'], 'href': 'https://sportsbook.draftkings.com/gateway?s=__s__&wpcid=__wpcid__&wpsrc=413&wpcn=ESPN&wpscn=Widget&wpcrn=BetSlipDeepLink&wpscid=__wpscid__&wpcrid=xx&preurl=https%3A%2F%2Fsportsbook.draftkings.com%2Fevent%2F34781778%3Foutcomes%3D0ML86612136_1', 'text': 'Home Bet', 'shortText': 'Home Bet', 'isExternal': True, 'isPremium': False}, {'language': 'en-US', 'rel': ['away', 'desktop', 'bets', 'draftkings'], 'href': 'https://sportsbook.draftkings.com/gateway?s=__s__&wpcid=__wpcid__&wpsrc=413&wpcn=ESPN&wpscn=Widget&wpcrn=BetSlipDeepLink&wpscid=__wpscid__&wpcrid=xx&preurl=https%3A%2F%2Fsportsbook.draftkings.com%2Fevent%2F34781778%3Foutcomes%3D0ML86612136_3', 'text': 'Away Bet', 'shortText': 'Away Bet', 'isExternal': True, 'isPremium': False}, {'language': 'en-US', 'rel': ['homeSpread', 'desktop', 'bets'], 'href': 'https://sportsbook.draftkings.com/gateway?s=__s__&wpcid=__wpcid__&wpsrc=413&wpcn=ESPN&wpscn=Widget&wpcrn=BetSlipDeepLink&wpscid=__wpscid__&wpcrid=xx&preurl=https%3A%2F%2Fsportsbook.draftkings.com%2Fevent%2F34781778%3Foutcomes%3D0HC86612136N150_1', 'text': 'Home Point Spread', 'shortText': 'Home Point Spread', 'isExternal': True, 'isPremium': False}, {'language': 'en-US', 'rel': ['awaySpread', 'desktop', 'bets'], 'href': 'https://sportsbook.draftkings.com/gateway?s=__s__&wpcid=__wpcid__&wpsrc=413&wpcn=ESPN&wpscn=Widget&wpcrn=BetSlipDeepLink&wpscid=__wpscid__&wpcrid=xx&preurl=https%3A%2F%2Fsportsbook.draftkings.com%2Fevent%2F34781778%3Foutcomes%3D0HC86612136P150_3', 'text': 'Away Point Spread', 'shortText': 'Away Point Spread', 'isExternal': True, 'isPremium': False}, {'language': 'en-US', 'rel': ['over', 'desktop', 'bets'], 'href': 'https://sportsbook.draftkings.com/gateway?s=__s__&wpcid=__wpcid__&wpsrc=413&wpcn=ESPN&wpscn=Widget&wpcrn=BetSlipDeepLink&wpscid=__wpscid__&wpcrid=xx&preurl=https%3A%2F%2Fsportsbook.draftkings.com%2Fevent%2F34781778%3Foutcomes%3D0OU86612136O550_1', 'text': 'Over Odds', 'shortText': 'Over Odds', 'isExternal': True, 'isPremium': False}, {'language': 'en-US', 'rel': ['under', 'desktop', 'bets'], 'href': 'https://sportsbook.draftkings.com/gateway?s=__s__&wpcid=__wpcid__&wpsrc=413&wpcn=ESPN&wpscn=Widget&wpcrn=BetSlipDeepLink&wpscid=__wpscid__&wpcrid=xx&preurl=https%3A%2F%2Fsportsbook.draftkings.com%2Fevent%2F34781778%3Foutcomes%3D0OU86612136U550_3', 'text': 'Under Odds', 'shortText': 'Under Odds', 'isExternal': True, 'isPremium': False}, {'language': 'en-US', 'rel': ['game', 'desktop', 'bets'], 'href': 'https://sportsbook.draftkings.com/gateway?s=__s__&wpcid=__wpcid__&wpsrc=413&wpcn=ESPN&wpscn=Widget&wpcrn=BetSlipDeepLink&wpscid=__wpscid__&wpcrid=xx&preurl=https%3A%2F%2Fsportsbook.draftkings.com%2Fevent%2F34781778', 'text': 'Game', 'shortText': 'Game', 'isExternal': True, 'isPremium': False}]",False,False,http://sports.core.api.espn.com/v2/sports/hockey/leagues/nhl/providers/100?lang=en&region=us,100,DraftKings,1,False,True,130,-192.0,False,+1.5,+1.5,1.45,50/109,-218,1.45,50/109,-218,2.24,31/25,+124,2.24,31/25,+124,+1.5,+1.5,1.52,25/48,-192,1.52,25/48,-192,2.3,13/10,+130,2.3,13/10,+130,http://sports.core.api.espn.com/v2/sports/hockey/leagues/nhl/seasons/2027/teams/27?lang=en&region=us,True,False,-155,160.0,True,-1.5,-1.5,2.8,9/5,+180,2.8,9/5,+180,1.67,25/37,-148,1.67,25/37,-148,-1.5,-1.5,2.6,8/5,+160,2.6,8/5,+160,1.64,20/31,-155,1.64,20/31,-155,http://sports.core.api.espn.com/v2/sports/hockey/leagues/nhl/seasons/2027/teams/21?lang=en&region=us,2.1,11/10,+110,2.1,11/10,+110,1.76,10/13,-130,1.76,10/13,-130,6.5,6.5,1.74,20/27,-135,1.74,20/27,-135,2.14,57/50,+114,2.14,57/50,+114,5.5,5.5,http://sports.core.api.espn.com/v2/sports/hockey/leagues/nhl/events/401892449/competitions/401892449/odds/100/propBets?lang=en&region=us
401892450,http://sports.core.api.espn.com/v2/sports/hockey/leagues/nhl/events/401892450/competitions/401892450/odds/100?lang=en&region=us,OTT -110,6.5,1.5,114.0,-135.0,"[{'language': 'en-US', 'rel': ['home', 'desktop', 'bets', 'draftkings'], 'href': 'https://sportsbook.draftkings.com/gateway?s=__s__&wpcid=__wpcid__&wpsrc=413&wpcn=ESPN&wpscn=Widget&wpcrn=BetSlipDeepLink&wpscid=__wpscid__&wpcrid=xx&preurl=https%3A%2F%2Fsportsbook.draftkings.com%2Fevent%2F34781779%3Foutcomes%3D0ML86612130_1', 'text': 'Home Bet', 'shortText': 'Home Bet', 'isExternal': True, 'isPremium': False}, {'language': 'en-US', 'rel': ['away', 'desktop', 'bets', 'draftkings'], 'href': 'https://sportsbook.draftkings.com/gateway?s=__s__&wpcid=__wpcid__&wpsrc=413&wpcn=ESPN&wpscn=Widget&wpcrn=BetSlipDeepLink&wpscid=__wpscid__&wpcrid=xx&preurl=https%3A%2F%2Fsportsbook.draftkings.com%2Fevent%2F34781779%3Foutcomes%3D0ML86612130_3', 'text': 'Away Bet', 'shortText': 'Away Bet', 'isExternal': True, 'isPremium': False}, {'language': 'en-US', 'rel': ['homeSpread', 'desktop', 'bets'], 'href': 'https://sportsbook.draftkings.com/gateway?s=__s__&wpcid=__wpcid__&wpsrc=413&wpcn=ESPN&wpscn=Widget&wpcrn=BetSlipDeepLink&wpscid=__wpscid__&wpcrid=xx&preurl=https%3A%2F%2Fsportsbook.draftkings.com%2Fevent%2F34781779%3Foutcomes%3D0HC86612130P150_1', 'text': 'Home Point Spread', 'shortText': 'Home Point Spread', 'isExternal': True, 'isPremium': False}, {'language': 'en-US', 'rel': ['awaySpread', 'desktop', 'bets'], 'href': 'https://sportsbook.draftkings.com/gateway?s=__s__&wpcid=__wpcid__&wpsrc=413&wpcn=ESPN&wpscn=Widget&wpcrn=BetSlipDeepLink&wpscid=__wpscid__&wpcrid=xx&preurl=https%3A%2F%2Fsportsbook.draftkings.com%2Fevent%2F34781779%3Foutcomes%3D0HC86612130N150_3', 'text': 'Away Point Spread', 'shortText': 'Away Point Spread', 'isExternal': True, 'isPremium': False}, {'language': 'en-US', 'rel': ['over', 'desktop', 'bets'], 'href': 'https://sportsbook.draftkings.com/gateway?s=__s__&wpcid=__wpcid__&wpsrc=413&wpcn=ESPN&wpscn=Widget&wpcrn=BetSlipDeepLink&wpscid=__wpscid__&wpcrid=xx&preurl=https%3A%2F%2Fsportsbook.draftkings.com%2Fevent%2F34781779%3Foutcomes%3D0OU86612130O650_1', 'text': 'Over Odds', 'shortText': 'Over Odds', 'isExternal': True, 'isPremium': False}, {'language': 'en-US', 'rel': ['under', 'desktop', 'bets'], 'href': 'https://sportsbook.draftkings.com/gateway?s=__s__&wpcid=__wpcid__&wpsrc=413&wpcn=ESPN&wpscn=Widget&wpcrn=BetSlipDeepLink&wpscid=__wpscid__&wpcrid=xx&preurl=https%3A%2F%2Fsportsbook.draftkings.com%2Fevent%2F34781779%3Foutcomes%3D0OU86612130U650_3', 'text': 'Under Odds', 'shortText': 'Under Odds', 'isExternal': True, 'isPremium': False}, {'language': 'en-US', 'rel': ['game', 'desktop', 'bets'], 'href': 'https://sportsbook.draftkings.com/gateway?s=__s__&wpcid=__wpcid__&wpsrc=413&wpcn=ESPN&wpscn=Widget&wpcrn=BetSlipDeepLink&wpscid=__wpscid__&wpcrid=xx&preurl=https%3A%2F%2Fsportsbook.draftkings.com%2Fevent%2F34781779', 'text': 'Game', 'shortText': 'Game', 'isExternal': True, 'isPremium': False}]",False,False,http://sports.core.api.espn.com/v2/sports/hockey/leagues/nhl/providers/100?lang=en&region=us,100,DraftKings,1,True,False,-110,215.0,False,+1.5,+1.5,1.38,50/129,-258,1.38,50/129,-258,1.95,20/21,-105,1.95,20/21,-105,-1.5,-1.5,3.15,43/20,+215,3.15,43/20,+215,1.9,10/11,-110,1.9,10/11,-110,http://sports.core.api.espn.com/v2/sports/hockey/leagues/nhl/seasons/2027/teams/14?lang=en&region=us,False,True,-110,-265.0,True,-1.5,-1.5,3.1,21/10,+210,3.1,21/10,+210,1.86,20/23,-115,1.86,20/23,-115,+1.5,+1.5,1.37,20/53,-265,1.37,20/53,-265,1.9,10/11,-110,1.9,10/11,-110,http://sports.core.api.espn.com/v2/sports/hockey/leagues/nhl/seasons/2027/teams/5?lang=en&region=us,1.74,20/27,-135,1.74,20/27,-135,2.14,57/50,+114,2.14,57/50,+114,5.5,5.5,2.14,57/50,+114,2.14,57/50,+114,1.74,20/27,-135,1.74,20/27,-135,6.5,6.5,http://sports.core.api.espn.com/v2/sports/hockey/leagues/nhl/events/401892450/competitions/401892450/odds/100/propBets?lang=en&region=us
401892451,http://sports.core.api.espn.com/v2/sports/hockey/leagues/nhl/events/401892451/competitions/401892451/odds/100?lang=en&region=us,NJ -130,6.5,-1.5,114.0,-135.0,"[{'language': 'en-US', 'rel': ['home', 'desktop', 'bets', 'draftkings'], 'href': 'https://sportsbook.draftkings.com/gateway?s=__s__&wpcid=__wpcid__&wpsrc=413&wpcn=ESPN&wpscn=Widget&wpcrn=BetSlipDeepLink&wpscid=__wpscid__&wpcrid=xx&preurl=https%3A%2F%2Fsportsbook.draftkings.com%2Fevent%2F34781780%3Foutcomes%3D0ML86612138_1', 'text': 'Home Bet', 'shortText': 'Home Bet', 'isExternal': True, 'isPremium': False}, {'language': 'en-US', 'rel': ['away', 'desktop', 'bets', 'draftkings'], 'href': 'https://sportsbook.draftkings.com/gateway?s=__s__&wpcid=__wpcid__&wpsrc=413&wpcn=ESPN&wpscn=Widget&wpcrn=BetSlipDeepLink&wpscid=__wpscid__&wpcrid=xx&preurl=https%3A%2F%2Fsportsbook.draftkings.com%2Fevent%2F34781780%3Foutcomes%3D0ML86612138_3', 'text': 'Away Bet', 'shortText': 'Away Bet', 'isExternal': True, 'isPremium': False}, {'language': 'en-US', 'rel': ['homeSpread', 'desktop', 'bets'], 'href': 'https://sportsbook.draftkings.com/gateway?s=__s__&wpcid=__wpcid__&wpsrc=413&wpcn=ESPN&wpscn=Widget&wpcrn=BetSlipDeepLink&wpscid=__wpscid__&wpcrid=xx&preurl=https%3A%2F%2Fsportsbook.draftkings.com%2Fevent%2F34781780%3Foutcomes%3D0HC86612138N150_1', 'text': 'Home Point Spread', 'shortText': 'Home Point Spread', 'isExternal': True, 'isPremium': False}, {'language': 'en-US', 'rel': ['awaySpread', 'desktop', 'bets'], 'href': 'https://sportsbook.draftkings.com/gateway?s=__s__&wpcid=__wpcid__&wpsrc=413&wpcn=ESPN&wpscn=Widget&wpcrn=BetSlipDeepLink&wpscid=__wpscid__&wpcrid=xx&preurl=https%3A%2F%2Fsportsbook.draftkings.com%2Fevent%2F34781780%3Foutcomes%3D0HC86612138P150_3', 'text': 'Away Point Spread', 'shortText': 'Away Point Spread', 'isExternal': True, 'isPremium': False}, {'language': 'en-US', 'rel': ['over', 'desktop', 'bets'], 'href': 'https://sportsbook.draftkings.com/gateway?s=__s__&wpcid=__wpcid__&wpsrc=413&wpcn=ESPN&wpscn=Widget&wpcrn=BetSlipDeepLink&wpscid=__wpscid__&wpcrid=xx&preurl=https%3A%2F%2Fsportsbook.draftkings.com%2Fevent%2F34781780%3Foutcomes%3D0OU86612138O650_1', 'text': 'Over Odds', 'shortText': 'Over Odds', 'isExternal': True, 'isPremium': False}, {'language': 'en-US', 'rel': ['under', 'desktop', 'bets'], 'href': 'https://sportsbook.draftkings.com/gateway?s=__s__&wpcid=__wpcid__&wpsrc=413&wpcn=ESPN&wpscn=Widget&wpcrn=BetSlipDeepLink&wpscid=__wpscid__&wpcrid=xx&preurl=https%3A%2F%2Fsportsbook.draftkings.com%2Fevent%2F34781780%3Foutcomes%3D0OU86612138U650_3', 'text': 'Under Odds', 'shortText': 'Under Odds', 'isExternal': True, 'isPremium': False}, {'language': 'en-US', 'rel': ['game', 'desktop', 'bets'], 'href': 'https://sportsbook.draftkings.com/gateway?s=__s__&wpcid=__wpcid__&wpsrc=413&wpcn=ESPN&wpscn=Widget&wpcrn=BetSlipDeepLink&wpscid=__wpscid__&wpcrid=xx&preurl=https%3A%2F%2Fsportsbook.draftkings.com%2Fevent%2F34781780', 'text': 'Game', 'shortText': 'Game', 'isExternal': True, 'isPremium': False}]",False,False,http://sports.core.api.espn.com/v2/sports/hockey/leagues/nhl/providers/100?lang=en&region=us,100,DraftKings,1,False,True,110,-238.0,False,+1.5,+1.5,1.44,4/9,-225,1.44,4/9,-225,2.14,57/50,+114,2.14,57/50,+114,+1.5,+1.5,1.42,50/119,-238,1.42,50/119,-238,2.1,11/10,+110,2.1,11/10,+110,http://sports.core.api.espn.com/v2/sports/hockey/leagues/nhl/seasons/2027/teams/129764?lang=en&region=us,True,False,-130,195.0,True,-1.5,-1.5,2.85,37/20,+185,2.85,37/20,+185,1.74,20/27,-135,1.74,20/27,-135,-1.5,-1.5,2.95,39/20,+195,2.95,39/20,+195,1.76,10/13,-130,1.76,10/13,-130,http://sports.core.api.espn.com/v2/sports/hockey/leagues/nhl/seasons/2027/teams/11?lang=en&region=us,1.74,20/27,-135,1.74,20/27,-135,2.14,57/50,+114,2.14,57/50,+114,5.5,5.5,2.14,57/50,+114,2.14,57/50,+114,1.74,20/27,-135,1.74,20/27,-135,6.5,6.5,http://sports.core.api.espn.com/v2/sports/hockey/leagues/nhl/events/401892451/competitions/401892451/odds/100/propBets?lang=en&region=us
401892452,http://sports.core.api.espn.com/v2/sports/hockey/leagues/nhl/events/401892452/competitions/401892452/odds/100?lang=en&region=us,NYR -155,5.5,-1.5,-120.0,100.0,"[{'language': 'en-US', 'rel': ['home', 'desktop', 'bets', 'draftkings'], 'href': 'https://sportsbook.draftkings.com/gateway?s=__s__&wpcid=__wpcid__&wpsrc=413&wpcn=ESPN&wpscn=Widget&wpcrn=BetSlipDeepLink&wpscid=__wpscid__&wpcrid=xx&preurl=https%3A%2F%2Fsportsbook.draftkings.com%2Fevent%2F34781782%3Foutcomes%3D0ML86612140_1', 'text': 'Home Bet', 'shortText': 'Home Bet', 'isExternal': True, 'isPremium': False}, {'language': 'en-US', 'rel': ['away', 'desktop', 'bets', 'draftkings'], 'href': 'https://sportsbook.draftkings.com/gateway?s=__s__&wpcid=__wpcid__&wpsrc=413&wpcn=ESPN&wpscn=Widget&wpcrn=BetSlipDeepLink&wpscid=__wpscid__&wpcrid=xx&preurl=https%3A%2F%2Fsportsbook.draftkings.com%2Fevent%2F34781782%3Foutcomes%3D0ML86612140_3', 'text': 'Away Bet', 'shortText': 'Away Bet', 'isExternal': True, 'isPremium': False}, {'language': 'en-US', 'rel': ['homeSpread', 'desktop', 'bets'], 'href': 'https://sportsbook.draftkings.com/gateway?s=__s__&wpcid=__wpcid__&wpsrc=413&wpcn=ESPN&wpscn=Widget&wpcrn=BetSlipDeepLink&wpscid=__wpscid__&wpcrid=xx&preurl=https%3A%2F%2Fsportsbook.draftkings.com%2Fevent%2F34781782%3Foutcomes%3D0HC86612140N150_1', 'text': 'Home Point Spread', 'shortText': 'Home Point Spread', 'isExternal': True, 'isPremium': False}, {'language': 'en-US', 'rel': ['awaySpread', 'desktop', 'bets'], 'href': 'https://sportsbook.draftkings.com/gateway?s=__s__&wpcid=__wpcid__&wpsrc=413&wpcn=ESPN&wpscn=Widget&wpcrn=BetSlipDeepLink&wpscid=__wpscid__&wpcrid=xx&preurl=https%3A%2F%2Fsportsbook.draftkings.com%2Fevent%2F34781782%3Foutcomes%3D0HC86612140P150_3', 'text': 'Away Point Spread', 'shortText': 'Away Point Spread', 'isExternal': True, 'isPremium': False}, {'language': 'en-US', 'rel': ['over', 'desktop', 'bets'], 'href': 'https://sportsbook.draftkings.com/gateway?s=__s__&wpcid=__wpcid__&wpsrc=413&wpcn=ESPN&wpscn=Widget&wpcrn=BetSlipDeepLink&wpscid=__wpscid__&wpcrid=xx&preurl=https%3A%2F%2Fsportsbook.draftkings.com%2Fevent%2F34781782%3Foutcomes%3D0OU86612140O550_1', 'text': 'Over Odds', 'shortText': 'Over Odds', 'isExternal': True, 'isPremium': False}, {'language': 'en-US', 'rel': ['under', 'desktop', 'bets'], 'href': 'https://sportsbook.draftkings.com/gateway?s=__s__&wpcid=__wpcid__&wpsrc=413&wpcn=ESPN&wpscn=Widget&wpcrn=BetSlipDeepLink&wpscid=__wpscid__&wpcrid=xx&preurl=https%3A%2F%2Fsportsbook.draftkings.com%2Fevent%2F34781782%3Foutcomes%3D0OU86612140U550_3', 'text': 'Under Odds', 'shortText': 'Under Odds', 'isExternal': True, 'isPremium': False}, {'language': 'en-US', 'rel': ['game', 'desktop', 'bets'], 'href': 'https://sportsbook.draftkings.com/gateway?s=__s__&wpcid=__wpcid__&wpsrc=413&wpcn=ESPN&wpscn=Widget&wpcrn=BetSlipDeepLink&wpscid=__wpscid__&wpcrid=xx&preurl=https%3A%2F%2Fsportsbook.draftkings.com%2Fevent%2F34781782', 'text': 'Game', 'shortText': 'Game', 'isExternal': True, 'isPremium': False}]",False,False,http://sports.core.api.espn.com/v2/sports/hockey/leagues/nhl/providers/100?lang=en&region=us,100,DraftKings,1,False,True,130,-205.0,False,+1.5,+1.5,1.42,50/119,-238,1.42,50/119,-238,2.1,11/10,+110,2.1,11/10,+110,+1.5,+1.5,1.48,20/41,-205,1.48,20/41,-205,2.3,13/10,+130,2.3,13/10,+130,http://sports.core.api.espn.com/v2/sports/hockey/leagues/nhl/seasons/2027/teams/12?lang=en&region=us,True,False,-155,170.0,True,-1.5,-1.5,2.95,39/20,+195,2.95,39/20,+195,1.76,10/13,-130,1.76,10/13,-130,-1.5,-1.5,2.7,17/10,+170,2.7,17/10,+170,1.64,20/31,-155,1.64,20/31,-155,http://sports.core.api.espn.com/v2/sports/hockey/leagues/nhl/seasons/2027/teams/13?lang=en&region=us,1.92,25/27,-108,1.92,25/27,-108,1.89,25/28,-112,1.89,25/28,-112,5.5,5.5,1.83,5/6,-120,1.83,5/6,-120,2.0,1/1,+100,2.0,1/1,+100,5.5,5.5,http://sports.core.api.espn.com/v2/sports/hockey/leagues/nhl/events/401892452/competitions/401892452/odds/100/propBets?lang=en&region=us
401892453,http://sports.core.api.espn.com/v2/sports/hockey/leagues/nhl/events/401892453/competitions/401892453/odds/100?lang=en&region=us,MIN -112,6.5,1.5,102.0,-122.0,"[{'language': 'en-US', 'rel': ['home', 'desktop', 'bets', 'draftkings'], 'href': 'https://sportsbook.draftkings.com/gateway?s=__s__&wpcid=__wpcid__&wpsrc=413&wpcn=ESPN&wpscn=Widget&wpcrn=BetSlipDeepLink&wpscid=__wpscid__&wpcrid=xx&preurl=https%3A%2F%2Fsportsbook.draftkings.com%2Fevent%2F34781781%3Foutcomes%3D0ML86612134_1', 'text': 'Home Bet', 'shortText': 'Home Bet', 'isExternal': True, 'isPremium': False}, {'language': 'en-US', 'rel': ['away', 'desktop', 'bets', 'draftkings'], 'href': 'https://sportsbook.draftkings.com/gateway?s=__s__&wpcid=__wpcid__&wpsrc=413&wpcn=ESPN&wpscn=Widget&wpcrn=BetSlipDeepLink&wpscid=__wpscid__&wpcrid=xx&preurl=https%3A%2F%2Fsportsbook.draftkings.com%2Fevent%2F34781781%3Foutcomes%3D0ML86612134_3', 'text': 'Away Bet', 'shortText': 'Away Bet', 'isExternal': True, 'isPremium': False}, {'language': 'en-US', 'rel': ['homeSpread', 'desktop', 'bets'], 'href': 'https://sportsbook.draftkings.com/gateway?s=__s__&wpcid=__wpcid__&wpsrc=413&wpcn=ESPN&wpscn=Widget&wpcrn=BetSlipDeepLink&wpscid=__wpscid__&wpcrid=xx&preurl=https%3A%2F%2Fsportsbook.draftkings.com%2Fevent%2F34781781%3Foutcomes%3D0HC86612134P150_1', 'text': 'Home Point Spread', 'shortText': 'Home Point Spread', 'isExternal': True, 'isPremium': False}, {'language': 'en-US', 'rel': ['awaySpread', 'desktop', 'bets'], 'href': 'https://sportsbook.draftkings.com/gateway?s=__s__&wpcid=__wpcid__&wpsrc=413&wpcn=ESPN&wpscn=Widget&wpcrn=BetSlipDeepLink&wpscid=__wpscid__&wpcrid=xx&preurl=https%3A%2F%2Fsportsbook.draftkings.com%2Fevent%2F34781781%3Foutcomes%3D0HC86612134N150_3', 'text': 'Away Point Spread', 'shortText': 'Away Point Spread', 'isExternal': True, 'isPremium': False}, {'language': 'en-US', 'rel': ['over', 'desktop', 'bets'], 'href': 'https://sportsbook.draftkings.com/gateway?s=__s__&wpcid=__wpcid__&wpsrc=413&wpcn=ESPN&wpscn=Widget&wpcrn=BetSlipDeepLink&wpscid=__wpscid__&wpcrid=xx&preurl=https%3A%2F%2Fsportsbook.draftkings.com%2Fevent%2F34781781%3Foutcomes%3D0OU86612134O650_1', 'text': 'Over Odds', 'shortText': 'Over Odds', 'isExternal': True, 'isPremium': False}, {'language': 'en-US', 'rel': ['under', 'desktop', 'bets'], 'href': 'https://sportsbook.draftkings.com/gateway?s=__s__&wpcid=__wpcid__&wpsrc=413&wpcn=ESPN&wpscn=Widget&wpcrn=BetSlipDeepLink&wpscid=__wpscid__&wpcrid=xx&preurl=https%3A%2F%2Fsportsbook.draftkings.com%2Fevent%2F34781781%3Foutcomes%3D0OU86612134U650_3', 'text': 'Under Odds', 'shortText': 'Under Odds', 'isExternal': True, 'isPremium': False}, {'language': 'en-US', 'rel': ['game', 'desktop', 'bets'], 'href': 'https://sportsbook.draftkings.com/gateway?s=__s__&wpcid=__wpcid__&wpsrc=413&wpcn=ESPN&wpscn=Widget&wpcrn=BetSlipDeepLink&wpscid=__wpscid__&wpcrid=xx&preurl=https%3A%2F%2Fsportsbook.draftkings.com%2Fevent%2F34781781', 'text': 'Game', 'shortText': 'Game', 'isExternal': True, 'isPremium': False}]",False,False,http://sports.core.api.espn.com/v2/sports/hockey/leagues/nhl/providers/100?lang=en&region=us,100,DraftKings,1,True,False,-112,220.0,False,+1.5,+1.5,1.4,2/5,-250,1.4,2/5,-250,1.92,25/27,-108,1.92,25/27,-108,-1.5,-1.5,3.2,11/5,+220,3.2,11/5,+220,1.89,25/28,-112,1.89,25/28,-112,http://sports.core.api.espn.com/v2/sports/hockey/leagues/nhl/seasons/2027/teams/30?lang=en&region=us,False,True,-108,-270.0,True,-1.5,-1.5,3.05,41/20,+205,3.05,41/20,+205,1.89,25/28,-112,1.89,25/28,-112,+1.5,+1.5,1.37,10/27,-270,1.37,10/27,-270,1.92,25/27,-108,1.92,25/27,-108,http://sports.core.api.espn.com/v2/sports/hockey/leagues/nhl/seasons/2027/teams/2?lang=en&region=us,1.8,4/5,-125,1.8,4/5,-125,2.05,21/20,+105,2.05,21/20,+105,5.5,5.5,2.02,51/50,+102,2.02,51/50,+102,1.81,50/61,-122,1.81,50/61,-122,6.5,6.5,http://sports.core.api.espn.com/v2/sports/hockey/leagues/nhl/events/401892453/competitions/401892453/odds/100/propBets?lang=en&region=us
401892454,http://sports.core.api.espn.com/v2/sports/hockey/leagues/nhl/events/401892454/competitions/401892454/odds/100?lang=en&region=us,VGK -180,6.5,1.5,110.0,-130.0,"[{'language': 'en-US', 'rel': ['home', 'desktop', 'bets', 'draftkings'], 'href': 'https://sportsbook.draftkings.com/gateway?s=__s__&wpcid=__wpcid__&wpsrc=413&wpcn=ESPN&wpscn=Widget&wpcrn=BetSlipDeepLink&wpscid=__wpscid__&wpcrid=xx&preurl=https%3A%2F%2Fsportsbook.draftkings.com%2Fevent%2F34781786%3Foutcomes%3D0ML86612132_1', 'text': 'Home Bet', 'shortText': 'Home Bet', 'isExternal': True, 'isPremium': False}, {'language': 'en-US', 'rel': ['away', 'desktop', 'bets', 'draftkings'], 'href': 'https://sportsbook.draftkings.com/gateway?s=__s__&wpcid=__wpcid__&wpsrc=413&wpcn=ESPN&wpscn=Widget&wpcrn=BetSlipDeepLink&wpscid=__wpscid__&wpcrid=xx&preurl=https%3A%2F%2Fsportsbook.draftkings.com%2Fevent%2F34781786%3Foutcomes%3D0ML86612132_3', 'text': 'Away Bet', 'shortText': 'Away Bet', 'isExternal': True, 'isPremium': False}, {'language': 'en-US', 'rel': ['homeSpread', 'desktop', 'bets'], 'href': 'https://sportsbook.draftkings.com/gateway?s=__s__&wpcid=__wpcid__&wpsrc=413&wpcn=ESPN&wpscn=Widget&wpcrn=BetSlipDeepLink&wpscid=__wpscid__&wpcrid=xx&preurl=https%3A%2F%2Fsportsbook.draftkings.com%2Fevent%2F34781786%3Foutcomes%3D0HC86612132P150_1', 'text': 'Home Point Spread', 'shortText': 'Home Point Spread', 'isExternal': True, 'isPremium': False}, {'language': 'en-US', 'rel': ['awaySpread', 'desktop', 'bets'], 'href': 'https://sportsbook.draftkings.com/gateway?s=__s__&wpcid=__wpcid__&wpsrc=413&wpcn=ESPN&wpscn=Widget&wpcrn=BetSlipDeepLink&wpscid=__wpscid__&wpcrid=xx&preurl=https%3A%2F%2Fsportsbook.draftkings.com%2Fevent%2F34781786%3Foutcomes%3D0HC86612132N150_3', 'text': 'Away Point Spread', 'shortText': 'Away Point Spread', 'isExternal': True, 'isPremium': False}, {'language': 'en-US', 'rel': ['over', 'desktop', 'bets'], 'href': 'https://sportsbook.draftkings.com/gateway?s=__s__&wpcid=__wpcid__&wpsrc=413&wpcn=ESPN&wpscn=Widget&wpcrn=BetSlipDeepLink&wpscid=__wpscid__&wpcrid=xx&preurl=https%3A%2F%2Fsportsbook.draftkings.com%2Fevent%2F34781786%3Foutcomes%3D0OU86612132O650_1', 'text': 'Over Odds', 'shortText': 'Over Odds', 'isExternal': True, 'isPremium': False}, {'language': 'en-US', 'rel': ['under', 'desktop', 'bets'], 'href': 'https://sportsbook.draftkings.com/gateway?s=__s__&wpcid=__wpcid__&wpsrc=413&wpcn=ESPN&wpscn=Widget&wpcrn=BetSlipDeepLink&wpscid=__wpscid__&wpcrid=xx&preurl=https%3A%2F%2Fsportsbook.draftkings.com%2Fevent%2F34781786%3Foutcomes%3D0OU86612132U650_3', 'text': 'Under Odds', 'shortText': 'Under Odds', 'isExternal': True, 'isPremium': False}, {'language': 'en-US', 'rel': ['game', 'desktop', 'bets'], 'href': 'https://sportsbook.draftkings.com/gateway?s=__s__&wpcid=__wpcid__&wpsrc=413&wpcn=ESPN&wpscn=Widget&wpcrn=BetSlipDeepLink&wpscid=__wpscid__&wpcrid=xx&preurl=https%3A%2F%2Fsportsbook.draftkings.com%2Fevent%2F34781786', 'text': 'Game', 'shortText': 'Game', 'isExternal': True, 'isPremium': False}]",False,False,http://sports.core.api.espn.com/v2/sports/hockey/leagues/nhl/providers/100?lang=en&region=us,100,DraftKings,1,True,False,-180,142.0,True,-1.5,-1.5,2.45,29/20,+145,2.45,29/20,+145,1.57,4/7,-175,1.57,4/7,-175,-1.5,-1.5,2.42,71/50,+142,2.42,71/50,+142,1.55,5/9,-180,1.55,5/9,-180,http://sports.core.api.espn.com/v2/sports/hockey/leagues/nhl/seasons/2027/teams/37?lang=en&region=us,False,True,150,-170.0,False,+1.5,+1.5,1.57,4/7,-175,1.57,4/7,-175,2.45,29/20,+145,2.45,29/20,+145,+1.5,+1.5,1.58,10/17,-170,1.58,10/17,-170,2.5,6/4,+150,2.5,6/4,+150,http://sports.core.api.espn.com/v2/sports/hockey/leagues/nhl/seasons/2027/teams/124292?lang=en&region=us,1.76,10/13,-130,1.76,10/13,-130,2.1,11/10,+110,2.1,11/10,+110,5.5,5.5,2.1,11/10,+110,2.1,11/10,+110,1.76,10/13,-130,1.76,10/13,-130,6.5,6.5,http://sports.core.api.espn.com/v2/sports/hockey/leagues/nhl/events/401892454/competitions/401892454/odds/100/propBets?lang=en&region=us
