schedule_date,id,season,game_type,neutral_site,start_time_utc,eastern_utc_offset,venue_utc_offset,venue_timezone,game_state,game_schedule_state,tv_broadcasts,tickets_link,tickets_link_fr,game_center_link,venue_default,away_team_id,away_team_common_name_default,away_team_place_name_default,away_team_place_name_with_preposition_default,away_team_place_name_with_preposition_fr,away_team_abbrev,away_team_logo,away_team_dark_logo,away_team_away_split_squad,away_team_radio_link,away_team_odds,home_team_id,home_team_common_name_default,home_team_place_name_default,home_team_place_name_with_preposition_default,home_team_place_name_with_preposition_fr,home_team_abbrev,home_team_logo,home_team_dark_logo,home_team_home_split_squad,home_team_radio_link,home_team_odds,period_descriptor_number,period_descriptor_period_type,period_descriptor_max_regulation_periods,away_team_place_name_fr,away_team_common_name_fr,venue_fr,home_team_common_name_fr,home_team_place_name_fr,venue_es
2026-10-06,2026020044,20262027,2,False,2026-10-06T23:00:00Z,-04:00,-04:00,America/Toronto,FUT,OK,"[{'id': 293, 'market': 'H', 'countryCode': 'CA', 'network': 'TSN4', 'sequenceNumber': 137}, {'id': 521, 'market': 'A', 'countryCode': 'US', 'network': 'SCRIPPS', 'sequenceNumber': 657}]",https://www.ticketmaster.ca/event/100064FECCD2F7B3?brand=nhl&wt.mc_id=NHL_LEAGUE_TOR_SCHED_PG_GM4&utm_source=NHL.com&utm_medium=client_PM&utm_campaign=NHL_LEAGUE_TOR&utm_content=SCHED_PG_GM4,https://www.ticketmaster.ca/event/100064FECCD2F7B3?brand=nhl&wt.mc_id=NHL_LEAGUE_TOR_SCHED_PG_GM4&utm_source=NHL.com&utm_medium=client_PM&utm_campaign=NHL_LEAGUE_TOR&utm_content=SCHED_PG_GM4,/gamecenter/nsh-vs-tor/2026/10/06/2026020044,Scotiabank Arena,18,Predators,Nashville,Nashville,de Nashville,NSH,https://assets.nhle.com/logos/nhl/svg/NSH_light.svg,https://assets.nhle.com/logos/nhl/svg/NSH_dark.svg,False,https://d2igy0yla8zi0u.cloudfront.net/NSH/20262027/NSH-radio.m3u8,"[{'providerId': 3, 'value': '2.30'}, {'providerId': 9, 'value': '+130'}, {'providerId': 8, 'value': '+129'}, {'providerId': 7, 'value': '+128'}, {'providerId': 6, 'value': '2.35'}, {'providerId': 10, 'value': '3.05'}]",10,Maple Leafs,Toronto,Toronto,de Toronto,TOR,https://assets.nhle.com/logos/nhl/svg/TOR_light.svg,https://assets.nhle.com/logos/nhl/svg/TOR_dark.svg,False,https://d2igy0yla8zi0u.cloudfront.net/TOR/20262027/TOR-radio.m3u8,"[{'providerId': 3, 'value': '1.64'}, {'providerId': 9, 'value': '-155'}, {'providerId': 8, 'value': '-158'}, {'providerId': 7, 'value': '-154'}, {'providerId': 6, 'value': '1.59'}, {'providerId': 10, 'value': '2.07'}]",1,REG,3,,,,,,
2026-10-06,2026020045,20262027,2,False,2026-10-06T23:00:00Z,-04:00,-04:00,America/Montreal,FUT,OK,"[{'id': 646, 'market': 'A', 'countryCode': 'US', 'network': 'CARNHL', 'sequenceNumber': 1}, {'id': 754, 'market': 'A', 'countryCode': 'US', 'network': 'HHN', 'sequenceNumber': 1}, {'id': 131, 'market': 'H', 'countryCode': 'CA', 'network': 'TSN2', 'sequenceNumber': 112}, {'id': 33, 'market': 'H', 'countryCode': 'CA', 'network': 'RDS', 'sequenceNumber': 145}]",https://www.ticketmaster.ca/event/310064FACAA28703?lang=en-ca&brand=nhl&wt.mc_id=NHL_LEAGUE_MTL_SCHED_PG_GM1&utm_source=NHL.com&utm_medium=client&utm_campaign=NHL_LEAGUE_MTL&utm_content=SCHED_PG_GM1,https://www.ticketmaster.ca/event/310064FACAA28703?lang=fr-ca&brand=nhl&wt.mc_id=NHL_LEAGUE_MTL_SCHED_PG_GM1&utm_source=NHL.com&utm_medium=client&utm_campaign=NHL_LEAGUE_MTL&utm_content=SCHED_PG_GM1,/gamecenter/car-vs-mtl/2026/10/06/2026020045,Centre Bell,12,Hurricanes,Carolina,Carolina,de la Caroline,CAR,https://assets.nhle.com/logos/nhl/svg/CAR_light.svg,https://assets.nhle.com/logos/nhl/svg/CAR_dark.svg,False,https://d2igy0yla8zi0u.cloudfront.net/CAR/20262027/CAR-radio.m3u8,"[{'providerId': 9, 'value': '-120'}, {'providerId': 3, 'value': '1.82'}, {'providerId': 8, 'value': '-121'}, {'providerId': 7, 'value': '-125'}, {'providerId': 6, 'value': '1.80'}, {'providerId': 10, 'value': '2.40'}]",8,Canadiens,Montréal,Montréal,de Montréal,MTL,https://assets.nhle.com/logos/nhl/svg/MTL_light.svg,https://assets.nhle.com/logos/nhl/svg/MTL_dark.svg,False,https://d2igy0yla8zi0u.cloudfront.net/MTL/20262027/MTL-radio.m3u8,"[{'providerId': 9, 'value': '+100'}, {'providerId': 3, 'value': '2.03'}, {'providerId': 8, 'value': '-101'}, {'providerId': 7, 'value': '+104'}, {'providerId': 6, 'value': '2.00'}, {'providerId': 10, 'value': '2.60'}]",1,REG,3,Caroline,,,,,
2026-10-06,2026020046,20262027,2,False,2026-10-06T23:00:00Z,-04:00,-04:00,America/Detroit,FUT,OK,"[{'id': 645, 'market': 'H', 'countryCode': 'US', 'network': 'DSN', 'sequenceNumber': 1}, {'id': 294, 'market': 'A', 'countryCode': 'CA', 'network': 'TSN5', 'sequenceNumber': 135}, {'id': 230, 'market': 'A', 'countryCode': 'CA', 'network': 'RDS2', 'sequenceNumber': 146}]",https://www.ticketmaster.com/event/080064EED7AF7FAC?brand=nhl&wt.mc_id=NHL_LEAGUE_DET_SCHED_PG_GM3&utm_source=NHL.com&utm_medium=client&utm_campaign=NHL_LEAGUE_DET&utm_content=SCHED_PG_GM3,https://www.ticketmaster.com/event/080064EED7AF7FAC?brand=nhl&wt.mc_id=NHL_LEAGUE_DET_SCHED_PG_GM3&utm_source=NHL.com&utm_medium=client&utm_campaign=NHL_LEAGUE_DET&utm_content=SCHED_PG_GM3,/gamecenter/ott-vs-det/2026/10/06/2026020046,Little Caesars Arena,9,Senators,Ottawa,Ottawa,d'Ottawa,OTT,https://assets.nhle.com/logos/nhl/svg/OTT_light.svg,https://assets.nhle.com/logos/nhl/svg/OTT_dark.svg,False,https://d2igy0yla8zi0u.cloudfront.net/OTT/20262027/OTT-radio.m3u8,"[{'providerId': 3, 'value': '1.96'}, {'providerId': 9, 'value': '-110'}, {'providerId': 8, 'value': '-113'}, {'providerId': 7, 'value': '-110'}, {'providerId': 6, 'value': '1.85'}, {'providerId': 10, 'value': '2.50'}]",17,Red Wings,Detroit,Detroit,de Detroit,DET,https://assets.nhle.com/logos/nhl/svg/DET_light.svg,https://assets.nhle.com/logos/nhl/svg/DET_dark.svg,False,https://d2igy0yla8zi0u.cloudfront.net/DET/20262027/DET-radio.m3u8,"[{'providerId': 3, 'value': '1.88'}, {'providerId': 9, 'value': '-110'}, {'providerId': 8, 'value': '-109'}, {'providerId': 7, 'value': '-110'}, {'providerId': 6, 'value': '1.95'}, {'providerId': 10, 'value': '2.50'}]",1,REG,3,,Sénateurs,,,,
2026-10-06,2026020047,20262027,2,False,2026-10-06T23:00:00Z,-04:00,-04:00,US/Eastern,FUT,OK,"[{'id': 558, 'market': 'A', 'countryCode': 'US', 'network': 'Utah16', 'sequenceNumber': 381}, {'id': 409, 'market': 'H', 'countryCode': 'US', 'network': 'MSGSN', 'sequenceNumber': 411}]",https://www.ticketmaster.com/event/020064F0918F9C46?brand=nhl&wt.mc_id=NHL_LEAGUE_NJD_SCHED_PG_GM2&utm_source=NHL.com&utm_medium=client&utm_campaign=NHL_LEAGUE_NJD&utm_content=SCHED_PG_GM2,https://www.ticketmaster.com/event/020064F0918F9C46?brand=nhl&wt.mc_id=NHL_LEAGUE_NJD_SCHED_PG_GM2&utm_source=NHL.com&utm_medium=client&utm_campaign=NHL_LEAGUE_NJD&utm_content=SCHED_PG_GM2,/gamecenter/uta-vs-njd/2026/10/06/2026020047,Prudential Center,68,Mammoth,Utah,Utah,de l'Utah,UTA,https://assets.nhle.com/logos/nhl/svg/UTA_light.svg,https://assets.nhle.com/logos/nhl/svg/UTA_dark.svg,False,https://d2igy0yla8zi0u.cloudfront.net/UTA/20262027/UTA-radio.m3u8,"[{'providerId': 3, 'value': '2.05'}, {'providerId': 9, 'value': '+110'}, {'providerId': 8, 'value': '+109'}, {'providerId': 7, 'value': '+106'}, {'providerId': 6, 'value': '1.98'}]",1,Devils,New Jersey,New Jersey,du New Jersey,NJD,https://assets.nhle.com/logos/nhl/svg/NJD_light.svg,https://assets.nhle.com/logos/nhl/svg/NJD_dark.svg,False,https://d2igy0yla8zi0u.cloudfront.net/NJD/20262027/NJD-radio.m3u8,"[{'providerId': 3, 'value': '1.80'}, {'providerId': 9, 'value': '-130'}, {'providerId': 8, 'value': '-133'}, {'providerId': 7, 'value': '-128'}, {'providerId': 6, 'value': '1.82'}]",1,REG,3,,,,,,
2026-10-06,2026020049,20262027,2,False,2026-10-06T23:00:00Z,-04:00,-04:00,America/New_York,FUT,OK,"[{'id': 648, 'market': 'A', 'countryCode': 'US', 'network': 'MINNHL', 'sequenceNumber': 1}, {'id': 758, 'market': 'A', 'countryCode': 'US', 'network': 'Wild+', 'sequenceNumber': 1}, {'id': 28, 'market': 'H', 'countryCode': 'US', 'network': 'MSG-B', 'sequenceNumber': 392}]",https://www.ticketmaster.com/event/000064EFCB0D7F53?brand=nhl&wt.mc_id=NHL_LEAGUE_BUF_SCHED_PG_GM2&utm_source=NHL.com&utm_medium=client&utm_campaign=NHL_LEAGUE_BUF&utm_content=SCHED_PG_GM2,https://www.ticketmaster.com/event/000064EFCB0D7F53?brand=nhl&wt.mc_id=NHL_LEAGUE_BUF_SCHED_PG_GM2&utm_source=NHL.com&utm_medium=client&utm_campaign=NHL_LEAGUE_BUF&utm_content=SCHED_PG_GM2,/gamecenter/min-vs-buf/2026/10/06/2026020049,KeyBank Center,30,Wild,Minnesota,Minnesota,du Minnesota,MIN,https://assets.nhle.com/logos/nhl/svg/MIN_light.svg,https://assets.nhle.com/logos/nhl/svg/MIN_dark.svg,False,https://d2igy0yla8zi0u.cloudfront.net/MIN/20262027/MIN-radio.m3u8,"[{'providerId': 3, 'value': '1.90'}, {'providerId': 9, 'value': '-112'}, {'providerId': 8, 'value': '-112'}, {'providerId': 7, 'value': '-113'}, {'providerId': 6, 'value': '1.87'}, {'providerId': 10, 'value': '2.50'}]",7,Sabres,Buffalo,Buffalo,de Buffalo,BUF,https://assets.nhle.com/logos/nhl/svg/BUF_light.svg,https://assets.nhle.com/logos/nhl/svg/BUF_dark.svg,False,https://d2igy0yla8zi0u.cloudfront.net/BUF/20262027/BUF-radio.m3u8,"[{'providerId': 3, 'value': '1.94'}, {'providerId': 9, 'value': '-108'}, {'providerId': 8, 'value': '-110'}, {'providerId': 7, 'value': '-106'}, {'providerId': 6, 'value': '1.92'}, {'providerId': 10, 'value': '2.50'}]",1,REG,3,,,,,,
2026-10-06,2026020048,20262027,2,False,2026-10-06T23:30:00Z,-04:00,-04:00,America/New_York,FUT,OK,"[{'id': 309, 'market': 'N', 'countryCode': 'US', 'network': 'ESPN', 'sequenceNumber': 10}, {'id': 549, 'market': 'N', 'countryCode': 'CA', 'network': 'SN+', 'sequenceNumber': 117}]",https://www.ticketmaster.com/event/3B0064F1B1D64441?brand=nhl&wt.mc_id=NHL_LEAGUE_NYR_SCHED_PG_GM3&utm_source=NHL.com&utm_medium=client&utm_campaign=NHL_LEAGUE_NYR&utm_content=SCHED_PG_GM3&CAMEFROM=CFC_RANGERS_WEB_NHL_SCHED_260803,https://www.ticketmaster.com/event/3B0064F1B1D64441?brand=nhl&wt.mc_id=NHL_LEAGUE_NYR_SCHED_PG_GM3&utm_source=NHL.com&utm_medium=client&utm_campaign=NHL_LEAGUE_NYR&utm_content=SCHED_PG_GM3&CAMEFROM=CFC_RANGERS_WEB_NHL_SCHED_260803,/gamecenter/nyi-vs-nyr/2026/10/06/2026020048,Madison Square Garden,2,Islanders,New York,New York,de New York,NYI,https://assets.nhle.com/logos/nhl/svg/NYI_light.svg,https://assets.nhle.com/logos/nhl/svg/NYI_dark.svg,False,https://d2igy0yla8zi0u.cloudfront.net/NYI/20262027/NYI-radio.m3u8,"[{'providerId': 3, 'value': '2.31'}, {'providerId': 9, 'value': '+130'}, {'providerId': 8, 'value': '+128'}, {'providerId': 7, 'value': '+130'}, {'providerId': 6, 'value': '2.45'}, {'providerId': 10, 'value': '3.10'}]",3,Rangers,New York,New York,de New York,NYR,https://assets.nhle.com/logos/nhl/svg/NYR_light.svg,https://assets.nhle.com/logos/nhl/svg/NYR_dark.svg,False,https://d2igy0yla8zi0u.cloudfront.net/NYR/20262027/NYR-radio.m3u8,"[{'providerId': 3, 'value': '1.63'}, {'providerId': 9, 'value': '-155'}, {'providerId': 8, 'value': '-157'}, {'providerId': 7, 'value': '-156'}, {'providerId': 6, 'value': '1.55'}, {'providerId': 10, 'value': '2.07'}]",1,REG,3,,,,,,
2026-10-06,2026020050,20262027,2,False,2026-10-07T00:00:00Z,-04:00,-05:00,America/Chicago,FUT,OK,"[{'id': 649, 'market': 'A', 'countryCode': 'US', 'network': 'STLNHL', 'sequenceNumber': 1}, {'id': 650, 'market': 'A', 'countryCode': 'US', 'network': 'BN+', 'sequenceNumber': 1}, {'id': 551, 'market': 'H', 'countryCode': 'US', 'network': 'CHSN', 'sequenceNumber': 254}]",https://www.ticketmaster.com/event/040064F0902A779A?brand=nhl&wt.mc_id=NHL_LEAGUE_CHI_SCHED_PG_GM1&utm_source=NHL.com&utm_medium=client&utm_campaign=NHL_LEAGUE_CHI&utm_content=SCHED_PG_GM1,https://www.ticketmaster.com/event/040064F0902A779A?brand=nhl&wt.mc_id=NHL_LEAGUE_CHI_SCHED_PG_GM1&utm_source=NHL.com&utm_medium=client&utm_campaign=NHL_LEAGUE_CHI&utm_content=SCHED_PG_GM1,/gamecenter/stl-vs-chi/2026/10/06/2026020050,United Center,19,Blues,St. Louis,St. Louis,de St. Louis,STL,https://assets.nhle.com/logos/nhl/svg/STL_light.svg,https://assets.nhle.com/logos/nhl/svg/STL_dark.svg,False,https://d2igy0yla8zi0u.cloudfront.net/STL/20262027/STL-radio.m3u8,"[{'providerId': 9, 'value': '-148'}, {'providerId': 3, 'value': '1.69'}, {'providerId': 7, 'value': '-140'}, {'providerId': 8, 'value': '-145'}, {'providerId': 6, 'value': '2.13'}, {'providerId': 10, 'value': '2.20'}]",16,Blackhawks,Chicago,Chicago,de Chicago,CHI,https://assets.nhle.com/logos/nhl/svg/CHI_light.svg,https://assets.nhle.com/logos/nhl/svg/CHI_dark.svg,False,https://d2igy0yla8zi0u.cloudfront.net/CHI/20262027/CHI-radio.m3u8,"[{'providerId': 9, 'value': '+124'}, {'providerId': 3, 'value': '2.20'}, {'providerId': 7, 'value': '+116'}, {'providerId': 8, 'value': '+119'}, {'providerId': 6, 'value': '1.71'}, {'providerId': 10, 'value': '2.90'}]",1,REG,3,,,,,,
2026-10-06,2026020051,20262027,2,False,2026-10-07T01:40:00Z,-04:00,-07:00,US/Pacific,FUT,OK,"[{'id': 652, 'market': 'H', 'countryCode': 'US', 'network': 'Prime Video', 'sequenceNumber': 117}, {'id': 387, 'market': 'H', 'countryCode': 'US', 'network': 'KING', 'sequenceNumber': 615}, {'id': 388, 'market': 'H', 'countryCode': 'US', 'network': 'KONG', 'sequenceNumber': 654}, {'id': 521, 'market': 'A', 'countryCode': 'US', 'network': 'SCRIPPS', 'sequenceNumber': 657}]",https://www.ticketmaster.com/event/0F0064C4A03AA22C?brand=nhl&wt.mc_id=NHL_LEAGUE_SEA_SCHED_PG_GM2&utm_source=NHL.com&utm_medium=client&utm_campaign=NHL_LEAGUE_SEA&utm_content=SCHED_PG_GM2,https://www.ticketmaster.com/event/0F0064C4A03AA22C?brand=nhl&wt.mc_id=NHL_LEAGUE_SEA_SCHED_PG_GM2&utm_source=NHL.com&utm_medium=client&utm_campaign=NHL_LEAGUE_SEA&utm_content=SCHED_PG_GM2,/gamecenter/vgk-vs-sea/2026/10/06/2026020051,Climate Pledge Arena,54,Golden Knights,Vegas,Vegas,de Vegas,VGK,https://assets.nhle.com/logos/nhl/svg/VGK_light.svg,https://assets.nhle.com/logos/nhl/svg/VGK_dark.svg,False,https://d2igy0yla8zi0u.cloudfront.net/VGK/20262027/VGK-radio.m3u8,"[{'providerId': 3, 'value': '1.58'}, {'providerId': 9, 'value': '-175'}, {'providerId': 7, 'value': '-170'}, {'providerId': 8, 'value': '-175'}, {'providerId': 6, 'value': '2.45'}, {'providerId': 10, 'value': '2.00'}]",55,Kraken,Seattle,Seattle,de Seattle,SEA,https://assets.nhle.com/logos/nhl/svg/SEA_light.svg,https://assets.nhle.com/logos/nhl/svg/SEA_dark.svg,False,https://d2igy0yla8zi0u.cloudfront.net/SEA/20262027/SEA-radio.m3u8,"[{'providerId': 3, 'value': '2.42'}, {'providerId': 9, 'value': '+145'}, {'providerId': 7, 'value': '+140'}, {'providerId': 8, 'value': '+142'}, {'providerId': 6, 'value': '1.55'}, {'providerId': 10, 'value': '3.25'}]",1,REG,3,,,,,,
2026-10-06,2026020052,20262027,2,False,2026-10-07T02:00:00Z,-04:00,-07:00,America/Los_Angeles,FUT,OK,"[{'id': 309, 'market': 'N', 'countryCode': 'US', 'network': 'ESPN', 'sequenceNumber': 10}, {'id': 549, 'market': 'N', 'countryCode': 'CA', 'network': 'SN+', 'sequenceNumber': 117}]",https://www.nhl.com/kings/tickets/single-game-tickets,https://www.nhl.com/kings/tickets/single-game-tickets,/gamecenter/fla-vs-lak/2026/10/06/2026020052,Crypto.com Arena,13,Panthers,Florida,Florida,de la Floride,FLA,https://assets.nhle.com/logos/nhl/svg/FLA_light.svg,https://assets.nhle.com/logos/nhl/svg/FLA_dark.svg,False,https://d2igy0yla8zi0u.cloudfront.net/FLA/20262027/FLA-radio.m3u8,"[{'providerId': 9, 'value': '-122'}, {'providerId': 3, 'value': '1.84'}, {'providerId': 7, 'value': '-126'}, {'providerId': 8, 'value': '-125'}, {'providerId': 6, 'value': '2.04'}, {'providerId': 10, 'value': '2.35'}]",26,Kings,Los Angeles,Los Angeles,de Los Angeles,LAK,https://assets.nhle.com/logos/nhl/svg/LAK_light.svg,https://assets.nhle.com/logos/nhl/svg/LAK_dark.svg,False,https://d2igy0yla8zi0u.cloudfront.net/LAK/20262027/LAK-radio.m3u8,"[{'providerId': 9, 'value': '+102'}, {'providerId': 3, 'value': '2.01'}, {'providerId': 7, 'value': '+105'}, {'providerId': 8, 'value': '+103'}, {'providerId': 6, 'value': '1.78'}, {'providerId': 10, 'value': '2.65'}]",1,REG,3,Floride,,,,,
