schedule_date,id,season,game_type,neutral_site,start_time_utc,eastern_utc_offset,venue_utc_offset,venue_timezone,game_state,game_schedule_state,tv_broadcasts,tickets_link,tickets_link_fr,game_center_link,venue_default,away_team_id,away_team_common_name_default,away_team_place_name_default,away_team_place_name_with_preposition_default,away_team_place_name_with_preposition_fr,away_team_abbrev,away_team_logo,away_team_dark_logo,away_team_away_split_squad,away_team_radio_link,home_team_id,home_team_common_name_default,home_team_place_name_default,home_team_place_name_with_preposition_default,home_team_place_name_with_preposition_fr,home_team_abbrev,home_team_logo,home_team_dark_logo,home_team_home_split_squad,home_team_radio_link,period_descriptor_number,period_descriptor_period_type,period_descriptor_max_regulation_periods,away_team_place_name_fr,away_team_common_name_fr,venue_fr,home_team_common_name_fr,home_team_place_name_fr,venue_es
2026-10-06,2026020044,20262027,2,False,2026-10-06T23:00:00Z,-04:00,-04:00,America/Toronto,FUT,OK,"[{'id': 293, 'market': 'H', 'countryCode': 'CA', 'network': 'TSN4', 'sequenceNumber': 137}, {'id': 521, 'market': 'A', 'countryCode': 'US', 'network': 'SCRIPPS', 'sequenceNumber': 657}]",https://www.ticketmaster.ca/event/100064FECCD2F7B3?brand=nhl&wt.mc_id=NHL_LEAGUE_TOR_SCHED_PG_GM4&utm_source=NHL.com&utm_medium=client_PM&utm_campaign=NHL_LEAGUE_TOR&utm_content=SCHED_PG_GM4,https://www.ticketmaster.ca/event/100064FECCD2F7B3?brand=nhl&wt.mc_id=NHL_LEAGUE_TOR_SCHED_PG_GM4&utm_source=NHL.com&utm_medium=client_PM&utm_campaign=NHL_LEAGUE_TOR&utm_content=SCHED_PG_GM4,/gamecenter/nsh-vs-tor/2026/10/06/2026020044,Scotiabank Arena,18,Predators,Nashville,Nashville,de Nashville,NSH,https://assets.nhle.com/logos/nhl/svg/NSH_light.svg,https://assets.nhle.com/logos/nhl/svg/NSH_dark.svg,False,https://d2igy0yla8zi0u.cloudfront.net/NSH/20262027/NSH-radio.m3u8,10,Maple Leafs,Toronto,Toronto,de Toronto,TOR,https://assets.nhle.com/logos/nhl/svg/TOR_light.svg,https://assets.nhle.com/logos/nhl/svg/TOR_dark.svg,False,https://d2igy0yla8zi0u.cloudfront.net/TOR/20262027/TOR-radio.m3u8,1,REG,3,,,,,,
2026-10-06,2026020045,20262027,2,False,2026-10-06T23:00:00Z,-04:00,-04:00,America/Montreal,FUT,OK,"[{'id': 646, 'market': 'A', 'countryCode': 'US', 'network': 'CARNHL', 'sequenceNumber': 1}, {'id': 754, 'market': 'A', 'countryCode': 'US', 'network': 'HHN', 'sequenceNumber': 1}, {'id': 131, 'market': 'H', 'countryCode': 'CA', 'network': 'TSN2', 'sequenceNumber': 112}, {'id': 33, 'market': 'H', 'countryCode': 'CA', 'network': 'RDS', 'sequenceNumber': 145}]",https://www.ticketmaster.ca/event/310064FACAA28703?lang=en-ca&brand=nhl&wt.mc_id=NHL_LEAGUE_MTL_SCHED_PG_GM1&utm_source=NHL.com&utm_medium=client&utm_campaign=NHL_LEAGUE_MTL&utm_content=SCHED_PG_GM1,https://www.ticketmaster.ca/event/310064FACAA28703?lang=fr-ca&brand=nhl&wt.mc_id=NHL_LEAGUE_MTL_SCHED_PG_GM1&utm_source=NHL.com&utm_medium=client&utm_campaign=NHL_LEAGUE_MTL&utm_content=SCHED_PG_GM1,/gamecenter/car-vs-mtl/2026/10/06/2026020045,Centre Bell,12,Hurricanes,Carolina,Carolina,de la Caroline,CAR,https://assets.nhle.com/logos/nhl/svg/CAR_light.svg,https://assets.nhle.com/logos/nhl/svg/CAR_dark.svg,False,https://d2igy0yla8zi0u.cloudfront.net/CAR/20262027/CAR-radio.m3u8,8,Canadiens,Montréal,Montréal,de Montréal,MTL,https://assets.nhle.com/logos/nhl/svg/MTL_light.svg,https://assets.nhle.com/logos/nhl/svg/MTL_dark.svg,False,https://d2igy0yla8zi0u.cloudfront.net/MTL/20262027/MTL-radio.m3u8,1,REG,3,Caroline,,,,,
2026-10-06,2026020046,20262027,2,False,2026-10-06T23:00:00Z,-04:00,-04:00,America/Detroit,FUT,OK,"[{'id': 645, 'market': 'H', 'countryCode': 'US', 'network': 'DSN', 'sequenceNumber': 1}, {'id': 294, 'market': 'A', 'countryCode': 'CA', 'network': 'TSN5', 'sequenceNumber': 135}, {'id': 230, 'market': 'A', 'countryCode': 'CA', 'network': 'RDS2', 'sequenceNumber': 146}]",https://www.ticketmaster.com/event/080064EED7AF7FAC?brand=nhl&wt.mc_id=NHL_LEAGUE_DET_SCHED_PG_GM3&utm_source=NHL.com&utm_medium=client&utm_campaign=NHL_LEAGUE_DET&utm_content=SCHED_PG_GM3,https://www.ticketmaster.com/event/080064EED7AF7FAC?brand=nhl&wt.mc_id=NHL_LEAGUE_DET_SCHED_PG_GM3&utm_source=NHL.com&utm_medium=client&utm_campaign=NHL_LEAGUE_DET&utm_content=SCHED_PG_GM3,/gamecenter/ott-vs-det/2026/10/06/2026020046,Little Caesars Arena,9,Senators,Ottawa,Ottawa,d'Ottawa,OTT,https://assets.nhle.com/logos/nhl/svg/OTT_light.svg,https://assets.nhle.com/logos/nhl/svg/OTT_dark.svg,False,https://d2igy0yla8zi0u.cloudfront.net/OTT/20262027/OTT-radio.m3u8,17,Red Wings,Detroit,Detroit,de Detroit,DET,https://assets.nhle.com/logos/nhl/svg/DET_light.svg,https://assets.nhle.com/logos/nhl/svg/DET_dark.svg,False,https://d2igy0yla8zi0u.cloudfront.net/DET/20262027/DET-radio.m3u8,1,REG,3,,Sénateurs,,,,
2026-10-06,2026020047,20262027,2,False,2026-10-06T23:00:00Z,-04:00,-04:00,US/Eastern,FUT,OK,"[{'id': 558, 'market': 'A', 'countryCode': 'US', 'network': 'Utah16', 'sequenceNumber': 381}, {'id': 409, 'market': 'H', 'countryCode': 'US', 'network': 'MSGSN', 'sequenceNumber': 411}]",https://www.ticketmaster.com/event/020064F0918F9C46?brand=nhl&wt.mc_id=NHL_LEAGUE_NJD_SCHED_PG_GM2&utm_source=NHL.com&utm_medium=client&utm_campaign=NHL_LEAGUE_NJD&utm_content=SCHED_PG_GM2,https://www.ticketmaster.com/event/020064F0918F9C46?brand=nhl&wt.mc_id=NHL_LEAGUE_NJD_SCHED_PG_GM2&utm_source=NHL.com&utm_medium=client&utm_campaign=NHL_LEAGUE_NJD&utm_content=SCHED_PG_GM2,/gamecenter/uta-vs-njd/2026/10/06/2026020047,Prudential Center,68,Mammoth,Utah,Utah,de l'Utah,UTA,https://assets.nhle.com/logos/nhl/svg/UTA_light.svg,https://assets.nhle.com/logos/nhl/svg/UTA_dark.svg,False,https://d2igy0yla8zi0u.cloudfront.net/UTA/20262027/UTA-radio.m3u8,1,Devils,New Jersey,New Jersey,du New Jersey,NJD,https://assets.nhle.com/logos/nhl/svg/NJD_light.svg,https://assets.nhle.com/logos/nhl/svg/NJD_dark.svg,False,https://d2igy0yla8zi0u.cloudfront.net/NJD/20262027/NJD-radio.m3u8,1,REG,3,,,,,,
2026-10-06,2026020049,20262027,2,False,2026-10-06T23:00:00Z,-04:00,-04:00,America/New_York,FUT,OK,"[{'id': 648, 'market': 'A', 'countryCode': 'US', 'network': 'MINNHL', 'sequenceNumber': 1}, {'id': 758, 'market': 'A', 'countryCode': 'US', 'network': 'Wild+', 'sequenceNumber': 1}, {'id': 28, 'market': 'H', 'countryCode': 'US', 'network': 'MSG-B', 'sequenceNumber': 392}]",https://www.ticketmaster.com/event/000064EFCB0D7F53?brand=nhl&wt.mc_id=NHL_LEAGUE_BUF_SCHED_PG_GM2&utm_source=NHL.com&utm_medium=client&utm_campaign=NHL_LEAGUE_BUF&utm_content=SCHED_PG_GM2,https://www.ticketmaster.com/event/000064EFCB0D7F53?brand=nhl&wt.mc_id=NHL_LEAGUE_BUF_SCHED_PG_GM2&utm_source=NHL.com&utm_medium=client&utm_campaign=NHL_LEAGUE_BUF&utm_content=SCHED_PG_GM2,/gamecenter/min-vs-buf/2026/10/06/2026020049,KeyBank Center,30,Wild,Minnesota,Minnesota,du Minnesota,MIN,https://assets.nhle.com/logos/nhl/svg/MIN_light.svg,https://assets.nhle.com/logos/nhl/svg/MIN_dark.svg,False,https://d2igy0yla8zi0u.cloudfront.net/MIN/20262027/MIN-radio.m3u8,7,Sabres,Buffalo,Buffalo,de Buffalo,BUF,https://assets.nhle.com/logos/nhl/svg/BUF_light.svg,https://assets.nhle.com/logos/nhl/svg/BUF_dark.svg,False,https://d2igy0yla8zi0u.cloudfront.net/BUF/20262027/BUF-radio.m3u8,1,REG,3,,,,,,
2026-10-06,2026020048,20262027,2,False,2026-10-06T23:30:00Z,-04:00,-04:00,America/New_York,FUT,OK,"[{'id': 309, 'market': 'N', 'countryCode': 'US', 'network': 'ESPN', 'sequenceNumber': 10}, {'id': 549, 'market': 'N', 'countryCode': 'CA', 'network': 'SN+', 'sequenceNumber': 117}]",https://www.ticketmaster.com/event/3B0064F1B1D64441?brand=nhl&wt.mc_id=NHL_LEAGUE_NYR_SCHED_PG_GM3&utm_source=NHL.com&utm_medium=client&utm_campaign=NHL_LEAGUE_NYR&utm_content=SCHED_PG_GM3&CAMEFROM=CFC_RANGERS_WEB_NHL_SCHED_260803,https://www.ticketmaster.com/event/3B0064F1B1D64441?brand=nhl&wt.mc_id=NHL_LEAGUE_NYR_SCHED_PG_GM3&utm_source=NHL.com&utm_medium=client&utm_campaign=NHL_LEAGUE_NYR&utm_content=SCHED_PG_GM3&CAMEFROM=CFC_RANGERS_WEB_NHL_SCHED_260803,/gamecenter/nyi-vs-nyr/2026/10/06/2026020048,Madison Square Garden,2,Islanders,New York,New York,de New York,NYI,https://assets.nhle.com/logos/nhl/svg/NYI_light.svg,https://assets.nhle.com/logos/nhl/svg/NYI_dark.svg,False,https://d2igy0yla8zi0u.cloudfront.net/NYI/20262027/NYI-radio.m3u8,3,Rangers,New York,New York,de New York,NYR,https://assets.nhle.com/logos/nhl/svg/NYR_light.svg,https://assets.nhle.com/logos/nhl/svg/NYR_dark.svg,False,https://d2igy0yla8zi0u.cloudfront.net/NYR/20262027/NYR-radio.m3u8,1,REG,3,,,,,,
2026-10-06,2026020050,20262027,2,False,2026-10-07T00:00:00Z,-04:00,-05:00,America/Chicago,FUT,OK,"[{'id': 649, 'market': 'A', 'countryCode': 'US', 'network': 'STLNHL', 'sequenceNumber': 1}, {'id': 650, 'market': 'A', 'countryCode': 'US', 'network': 'BN+', 'sequenceNumber': 1}, {'id': 551, 'market': 'H', 'countryCode': 'US', 'network': 'CHSN', 'sequenceNumber': 254}]",https://www.ticketmaster.com/event/040064F0902A779A?brand=nhl&wt.mc_id=NHL_LEAGUE_CHI_SCHED_PG_GM1&utm_source=NHL.com&utm_medium=client&utm_campaign=NHL_LEAGUE_CHI&utm_content=SCHED_PG_GM1,https://www.ticketmaster.com/event/040064F0902A779A?brand=nhl&wt.mc_id=NHL_LEAGUE_CHI_SCHED_PG_GM1&utm_source=NHL.com&utm_medium=client&utm_campaign=NHL_LEAGUE_CHI&utm_content=SCHED_PG_GM1,/gamecenter/stl-vs-chi/2026/10/06/2026020050,United Center,19,Blues,St. Louis,St. Louis,de St. Louis,STL,https://assets.nhle.com/logos/nhl/svg/STL_light.svg,https://assets.nhle.com/logos/nhl/svg/STL_dark.svg,False,https://d2igy0yla8zi0u.cloudfront.net/STL/20262027/STL-radio.m3u8,16,Blackhawks,Chicago,Chicago,de Chicago,CHI,https://assets.nhle.com/logos/nhl/svg/CHI_light.svg,https://assets.nhle.com/logos/nhl/svg/CHI_dark.svg,False,https://d2igy0yla8zi0u.cloudfront.net/CHI/20262027/CHI-radio.m3u8,1,REG,3,,,,,,
2026-10-06,2026020051,20262027,2,False,2026-10-07T01:40:00Z,-04:00,-07:00,US/Pacific,FUT,OK,"[{'id': 652, 'market': 'H', 'countryCode': 'US', 'network': 'Prime Video', 'sequenceNumber': 117}, {'id': 387, 'market': 'H', 'countryCode': 'US', 'network': 'KING', 'sequenceNumber': 615}, {'id': 388, 'market': 'H', 'countryCode': 'US', 'network': 'KONG', 'sequenceNumber': 654}, {'id': 521, 'market': 'A', 'countryCode': 'US', 'network': 'SCRIPPS', 'sequenceNumber': 657}]",https://www.ticketmaster.com/event/0F0064C4A03AA22C?brand=nhl&wt.mc_id=NHL_LEAGUE_SEA_SCHED_PG_GM2&utm_source=NHL.com&utm_medium=client&utm_campaign=NHL_LEAGUE_SEA&utm_content=SCHED_PG_GM2,https://www.ticketmaster.com/event/0F0064C4A03AA22C?brand=nhl&wt.mc_id=NHL_LEAGUE_SEA_SCHED_PG_GM2&utm_source=NHL.com&utm_medium=client&utm_campaign=NHL_LEAGUE_SEA&utm_content=SCHED_PG_GM2,/gamecenter/vgk-vs-sea/2026/10/06/2026020051,Climate Pledge Arena,54,Golden Knights,Vegas,Vegas,de Vegas,VGK,https://assets.nhle.com/logos/nhl/svg/VGK_light.svg,https://assets.nhle.com/logos/nhl/svg/VGK_dark.svg,False,https://d2igy0yla8zi0u.cloudfront.net/VGK/20262027/VGK-radio.m3u8,55,Kraken,Seattle,Seattle,de Seattle,SEA,https://assets.nhle.com/logos/nhl/svg/SEA_light.svg,https://assets.nhle.com/logos/nhl/svg/SEA_dark.svg,False,https://d2igy0yla8zi0u.cloudfront.net/SEA/20262027/SEA-radio.m3u8,1,REG,3,,,,,,
2026-10-06,2026020052,20262027,2,False,2026-10-07T02:00:00Z,-04:00,-07:00,America/Los_Angeles,FUT,OK,"[{'id': 309, 'market': 'N', 'countryCode': 'US', 'network': 'ESPN', 'sequenceNumber': 10}, {'id': 549, 'market': 'N', 'countryCode': 'CA', 'network': 'SN+', 'sequenceNumber': 117}]",https://www.nhl.com/kings/tickets/single-game-tickets,https://www.nhl.com/kings/tickets/single-game-tickets,/gamecenter/fla-vs-lak/2026/10/06/2026020052,Crypto.com Arena,13,Panthers,Florida,Florida,de la Floride,FLA,https://assets.nhle.com/logos/nhl/svg/FLA_light.svg,https://assets.nhle.com/logos/nhl/svg/FLA_dark.svg,False,https://d2igy0yla8zi0u.cloudfront.net/FLA/20262027/FLA-radio.m3u8,26,Kings,Los Angeles,Los Angeles,de Los Angeles,LAK,https://assets.nhle.com/logos/nhl/svg/LAK_light.svg,https://assets.nhle.com/logos/nhl/svg/LAK_dark.svg,False,https://d2igy0yla8zi0u.cloudfront.net/LAK/20262027/LAK-radio.m3u8,1,REG,3,Floride,,,,,
2026-10-07,2026020053,20262027,2,False,2026-10-07T23:30:00Z,-04:00,-04:00,US/Eastern,FUT,OK,"[{'id': 385, 'market': 'N', 'countryCode': 'US', 'network': 'TNT', 'sequenceNumber': 11}, {'id': 578, 'market': 'N', 'countryCode': 'US', 'network': 'HBO MAX', 'sequenceNumber': 19}]",https://www.ticketmaster.com/event/150064F03458E273?brand=nhl&wt.mc_id=NHL_LEAGUE_WSH_SCHED_PG_GM1&utm_source=league_schedulepage&utm_medium=web_organic&utm_campaign=2627sgb_ca1007pp,https://www.ticketmaster.com/event/150064F03458E273?brand=nhl&wt.mc_id=NHL_LEAGUE_WSH_SCHED_PG_GM1&utm_source=league_schedulepage&utm_medium=web_organic&utm_campaign=2627sgb_ca1007pp,/gamecenter/pit-vs-wsh/2026/10/07/2026020053,Capital One Arena,5,Penguins,Pittsburgh,Pittsburgh,de Pittsburgh,PIT,https://assets.nhle.com/logos/nhl/svg/PIT_light.svg,https://assets.nhle.com/logos/nhl/svg/PIT_dark.svg,False,https://d2igy0yla8zi0u.cloudfront.net/PIT/20262027/PIT-radio.m3u8,15,Capitals,Washington,Washington,de Washington,WSH,https://assets.nhle.com/logos/nhl/svg/WSH_secondary_light.svg,https://assets.nhle.com/logos/nhl/svg/WSH_secondary_dark.svg,False,https://d2igy0yla8zi0u.cloudfront.net/WSH/20262027/WSH-radio.m3u8,1,REG,3,,,,,,
2026-10-07,2026020054,20262027,2,False,2026-10-07T23:30:00Z,-04:00,-05:00,America/Winnipeg,FUT,OK,"[{'id': 548, 'market': 'N', 'countryCode': 'CA', 'network': 'Prime', 'sequenceNumber': 116}, {'id': 2, 'market': 'A', 'countryCode': 'US', 'network': 'ALT', 'sequenceNumber': 385}]",https://www.ticketmaster.ca/event/11006505D0ACAFE3?brand=nhl&wt.mc_id=NHL_LEAGUE_WPG_SCHED_PG_GM2&utm_source=NHL.com&utm_medium=client_PM&utm_campaign=NHL_LEAGUE_WPG&utm_content=SCHED_PG_GM2,https://www.ticketmaster.ca/event/11006505D0ACAFE3?brand=nhl&wt.mc_id=NHL_LEAGUE_WPG_SCHED_PG_GM2&utm_source=NHL.com&utm_medium=client_PM&utm_campaign=NHL_LEAGUE_WPG&utm_content=SCHED_PG_GM2,/gamecenter/col-vs-wpg/2026/10/07/2026020054,Canada Life Centre,21,Avalanche,Colorado,Colorado,du Colorado,COL,https://assets.nhle.com/logos/nhl/svg/COL_light.svg,https://assets.nhle.com/logos/nhl/svg/COL_dark.svg,False,https://d2igy0yla8zi0u.cloudfront.net/COL/20262027/COL-radio.m3u8,52,Jets,Winnipeg,Winnipeg,de Winnipeg,WPG,https://assets.nhle.com/logos/nhl/svg/WPG_light.svg,https://assets.nhle.com/logos/nhl/svg/WPG_dark.svg,False,https://d2igy0yla8zi0u.cloudfront.net/WPG/20262027/WPG-radio.m3u8,1,REG,3,,,,,,
2026-10-07,2026020055,20262027,2,False,2026-10-08T02:00:00Z,-04:00,-07:00,America/Los_Angeles,FUT,OK,"[{'id': 289, 'market': 'A', 'countryCode': 'CA', 'network': 'SNW', 'sequenceNumber': 34}, {'id': 652, 'market': 'H', 'countryCode': 'US', 'network': 'Prime Video', 'sequenceNumber': 117}, {'id': 219, 'market': 'H', 'countryCode': 'US', 'network': 'KCOP-13', 'sequenceNumber': 656}]",https://www.ticketmaster.com/event/090064EA1908558F?brand=nhl&wt.mc_id=NHL_LEAGUE_ANA_SCHED_PG_GM2&utm_source=NHL.com&utm_medium=client&utm_campaign=NHL_LEAGUE_ANA&utm_content=SCHED_PG_GM2,https://www.ticketmaster.com/event/090064EA1908558F?brand=nhl&wt.mc_id=NHL_LEAGUE_ANA_SCHED_PG_GM2&utm_source=NHL.com&utm_medium=client&utm_campaign=NHL_LEAGUE_ANA&utm_content=SCHED_PG_GM2,/gamecenter/edm-vs-ana/2026/10/07/2026020055,Honda Center,22,Oilers,Edmonton,Edmonton,d'Edmonton,EDM,https://assets.nhle.com/logos/nhl/svg/EDM_light.svg,https://assets.nhle.com/logos/nhl/svg/EDM_dark.svg,False,https://d2igy0yla8zi0u.cloudfront.net/EDM/20262027/EDM-radio.m3u8,24,Ducks,Anaheim,Anaheim,d'Anaheim,ANA,https://assets.nhle.com/logos/nhl/svg/ANA_light.svg,https://assets.nhle.com/logos/nhl/svg/ANA_dark.svg,False,https://d2igy0yla8zi0u.cloudfront.net/ANA/20262027/ANA-radio.m3u8,1,REG,3,,,,,,
2026-10-08,2026020056,20262027,2,False,2026-10-08T23:00:00Z,-04:00,-04:00,US/Eastern,FUT,OK,"[{'id': 558, 'market': 'A', 'countryCode': 'US', 'network': 'Utah16', 'sequenceNumber': 381}, {'id': 31, 'market': 'H', 'countryCode': 'US', 'network': 'NESN', 'sequenceNumber': 405}]",https://www.ticketmaster.com/event/010064EDC4F179B1?brand=nhl&wt.mc_id=NHL_LEAGUE_BOS_SCHED_PG_GM3&utm_source=NHL.com&utm_medium=client&utm_campaign=NHL_LEAGUE_BOS&utm_content=SCHED_PG_GM3,https://www.ticketmaster.com/event/010064EDC4F179B1?brand=nhl&wt.mc_id=NHL_LEAGUE_BOS_SCHED_PG_GM3&utm_source=NHL.com&utm_medium=client&utm_campaign=NHL_LEAGUE_BOS&utm_content=SCHED_PG_GM3,/gamecenter/uta-vs-bos/2026/10/08/2026020056,TD Garden,68,Mammoth,Utah,Utah,de l'Utah,UTA,https://assets.nhle.com/logos/nhl/svg/UTA_light.svg,https://assets.nhle.com/logos/nhl/svg/UTA_dark.svg,False,https://d2igy0yla8zi0u.cloudfront.net/UTA/20262027/UTA-radio.m3u8,6,Bruins,Boston,Boston,de Boston,BOS,https://assets.nhle.com/logos/nhl/svg/BOS_light.svg,https://assets.nhle.com/logos/nhl/svg/BOS_dark.svg,False,https://d2igy0yla8zi0u.cloudfront.net/BOS/20262027/BOS-radio.m3u8,1,REG,3,,,,,,
2026-10-08,2026020057,20262027,2,False,2026-10-08T23:00:00Z,-04:00,-04:00,America/New_York,FUT,OK,"[{'id': 652, 'market': 'A', 'countryCode': 'US', 'network': 'Prime Video', 'sequenceNumber': 117}, {'id': 28, 'market': 'H', 'countryCode': 'US', 'network': 'MSG-B', 'sequenceNumber': 392}]",https://www.ticketmaster.com/event/000064EFCB127F68?brand=nhl&wt.mc_id=NHL_LEAGUE_BUF_SCHED_PG_GM3&utm_source=NHL.com&utm_medium=client&utm_campaign=NHL_LEAGUE_BUF&utm_content=SCHED_PG_GM3,https://www.ticketmaster.com/event/000064EFCB127F68?brand=nhl&wt.mc_id=NHL_LEAGUE_BUF_SCHED_PG_GM3&utm_source=NHL.com&utm_medium=client&utm_campaign=NHL_LEAGUE_BUF&utm_content=SCHED_PG_GM3,/gamecenter/dal-vs-buf/2026/10/08/2026020057,KeyBank Center,25,Stars,Dallas,Dallas,de Dallas,DAL,https://assets.nhle.com/logos/nhl/svg/DAL_light.svg,https://assets.nhle.com/logos/nhl/svg/DAL_dark.svg,False,https://d2igy0yla8zi0u.cloudfront.net/DAL/20262027/DAL-radio.m3u8,7,Sabres,Buffalo,Buffalo,de Buffalo,BUF,https://assets.nhle.com/logos/nhl/svg/BUF_light.svg,https://assets.nhle.com/logos/nhl/svg/BUF_dark.svg,False,https://d2igy0yla8zi0u.cloudfront.net/BUF/20262027/BUF-radio.m3u8,1,REG,3,,,,,,
2026-10-08,2026020058,20262027,2,False,2026-10-08T23:00:00Z,-04:00,-04:00,America/Montreal,FUT,OK,"[{'id': 131, 'market': 'H', 'countryCode': 'CA', 'network': 'TSN2', 'sequenceNumber': 112}, {'id': 33, 'market': 'H', 'countryCode': 'CA', 'network': 'RDS', 'sequenceNumber': 145}, {'id': 521, 'market': 'A', 'countryCode': 'US', 'network': 'SCRIPPS', 'sequenceNumber': 657}]",https://www.ticketmaster.ca/event/310064FACAA6870A?lang=en-ca&brand=nhl&wt.mc_id=NHL_LEAGUE_MTL_SCHED_PG_GM2&utm_source=NHL.com&utm_medium=client&utm_campaign=NHL_LEAGUE_MTL&utm_content=SCHED_PG_GM2,https://www.ticketmaster.ca/event/310064FACAA6870A?lang=fr-ca&brand=nhl&wt.mc_id=NHL_LEAGUE_MTL_SCHED_PG_GM2&utm_source=NHL.com&utm_medium=client&utm_campaign=NHL_LEAGUE_MTL&utm_content=SCHED_PG_GM2,/gamecenter/nsh-vs-mtl/2026/10/08/2026020058,Centre Bell,18,Predators,Nashville,Nashville,de Nashville,NSH,https://assets.nhle.com/logos/nhl/svg/NSH_light.svg,https://assets.nhle.com/logos/nhl/svg/NSH_dark.svg,False,https://d2igy0yla8zi0u.cloudfront.net/NSH/20262027/NSH-radio.m3u8,8,Canadiens,Montréal,Montréal,de Montréal,MTL,https://assets.nhle.com/logos/nhl/svg/MTL_light.svg,https://assets.nhle.com/logos/nhl/svg/MTL_dark.svg,False,https://d2igy0yla8zi0u.cloudfront.net/MTL/20262027/MTL-radio.m3u8,1,REG,3,,,,,,
2026-10-08,2026020059,20262027,2,False,2026-10-08T23:00:00Z,-04:00,-04:00,US/Eastern,FUT,OK,"[{'id': 294, 'market': 'H', 'countryCode': 'CA', 'network': 'TSN5', 'sequenceNumber': 135}, {'id': 242, 'market': 'H', 'countryCode': 'CA', 'network': 'RDSI', 'sequenceNumber': 147}, {'id': 322, 'market': 'A', 'countryCode': 'US', 'network': 'NBCSP', 'sequenceNumber': 389}]",https://www.ticketmaster.ca/event/310064EDBB565CED?brand=ottawasenators&artistid=805997&landing=s&wt.mc_id=NHL_TEAM_OTT_SGT_PG_GM1&utm_source=NHL.com&utm_medium=client&utm_campaign=NHL_TEAM_OTT&utm_content=SGT_PG_GM1&utm_source=sens_website&utm_medium=schedule&utm_campaign=100826_phi,https://www.nhl.com/fr/senators/tickets/,/gamecenter/phi-vs-ott/2026/10/08/2026020059,Canadian Tire Centre,4,Flyers,Philadelphia,Philadelphia,de Philadelphie,PHI,https://assets.nhle.com/logos/nhl/svg/PHI_light.svg,https://assets.nhle.com/logos/nhl/svg/PHI_dark.svg,False,https://d2igy0yla8zi0u.cloudfront.net/PHI/20262027/PHI-radio.m3u8,9,Senators,Ottawa,Ottawa,d'Ottawa,OTT,https://assets.nhle.com/logos/nhl/svg/OTT_light.svg,https://assets.nhle.com/logos/nhl/svg/OTT_dark.svg,False,https://d2igy0yla8zi0u.cloudfront.net/OTT/20262027/OTT-radio.m3u8,1,REG,3,Philadelphie,,Centre Canadian Tire,Sénateurs,,
2026-10-08,2026020060,20262027,2,False,2026-10-08T23:00:00Z,-04:00,-04:00,US/Eastern,FUT,OK,"[{'id': 648, 'market': 'A', 'countryCode': 'US', 'network': 'MINNHL', 'sequenceNumber': 1}, {'id': 758, 'market': 'A', 'countryCode': 'US', 'network': 'Wild+', 'sequenceNumber': 1}, {'id': 581, 'market': 'H', 'countryCode': 'US', 'network': 'The Spot', 'sequenceNumber': 211}]",https://www.ticketmaster.com/event/0D0064F8CF289D6F?brand=nhl&wt.mc_id=NHL_LEAGUE_TBL_SCHED_PG_GM3&utm_source=NHL.com&utm_medium=client&utm_campaign=NHL_LEAGUE_TBL&utm_content=SCHED_PG_GM3,https://www.ticketmaster.com/event/0D0064F8CF289D6F?brand=nhl&wt.mc_id=NHL_LEAGUE_TBL_SCHED_PG_GM3&utm_source=NHL.com&utm_medium=client&utm_campaign=NHL_LEAGUE_TBL&utm_content=SCHED_PG_GM3,/gamecenter/min-vs-tbl/2026/10/08/2026020060,Benchmark International Arena,30,Wild,Minnesota,Minnesota,du Minnesota,MIN,https://assets.nhle.com/logos/nhl/svg/MIN_light.svg,https://assets.nhle.com/logos/nhl/svg/MIN_dark.svg,False,https://d2igy0yla8zi0u.cloudfront.net/MIN/20262027/MIN-radio.m3u8,14,Lightning,Tampa Bay,Tampa Bay,de Tampa Bay,TBL,https://assets.nhle.com/logos/nhl/svg/TBL_light.svg,https://assets.nhle.com/logos/nhl/svg/TBL_dark.svg,False,https://d2igy0yla8zi0u.cloudfront.net/TBL/20262027/TBL-radio.m3u8,1,REG,3,,,,,,
2026-10-08,2026020061,20262027,2,False,2026-10-08T23:00:00Z,-04:00,-04:00,US/Eastern,FUT,OK,"[{'id': 646, 'market': 'H', 'countryCode': 'US', 'network': 'CARNHL', 'sequenceNumber': 1}, {'id': 754, 'market': 'H', 'countryCode': 'US', 'network': 'HHN', 'sequenceNumber': 1}, {'id': 290, 'market': 'N', 'countryCode': 'CA', 'network': 'SNP', 'sequenceNumber': 33}]",https://www.ticketmaster.com/event/2D0064F4BD51D16D?brand=nhl&wt.mc_id=NHL_LEAGUE_CAR_SCHED_PG_GM3&utm_source=NHL.com&utm_medium=client&utm_campaign=NHL_LEAGUE_CAR&utm_content=SCHED_PG_GM3,https://www.ticketmaster.com/event/2D0064F4BD51D16D?brand=nhl&wt.mc_id=NHL_LEAGUE_CAR_SCHED_PG_GM3&utm_source=NHL.com&utm_medium=client&utm_campaign=NHL_LEAGUE_CAR&utm_content=SCHED_PG_GM3,/gamecenter/van-vs-car/2026/10/08/2026020061,Lenovo Center,23,Canucks,Vancouver,Vancouver,de Vancouver,VAN,https://assets.nhle.com/logos/nhl/svg/VAN_light.svg,https://assets.nhle.com/logos/nhl/svg/VAN_dark.svg,False,https://d2igy0yla8zi0u.cloudfront.net/VAN/20262027/VAN-radio.m3u8,12,Hurricanes,Carolina,Carolina,de la Caroline,CAR,https://assets.nhle.com/logos/nhl/svg/CAR_light.svg,https://assets.nhle.com/logos/nhl/svg/CAR_dark.svg,False,https://d2igy0yla8zi0u.cloudfront.net/CAR/20262027/CAR-radio.m3u8,1,REG,3,,,,,Caroline,
2026-10-08,2026020062,20262027,2,False,2026-10-08T23:30:00Z,-04:00,-04:00,America/New_York,FUT,OK,"[{'id': 551, 'market': 'A', 'countryCode': 'US', 'network': 'CHSN', 'sequenceNumber': 254}, {'id': 409, 'market': 'H', 'countryCode': 'US', 'network': 'MSGSN', 'sequenceNumber': 411}]",https://www.ticketmaster.com/event/300064E2D250619C?brand=nhl&wt.mc_id=NHL_LEAGUE_NYI_SCHED_PG_GM2&utm_source=nhl_website&utm_medium=leagueschedule&utm_campaign=NHL_LEAGUE_NYI&utm_content=SCHED_PG_GM2,https://www.ticketmaster.com/event/300064E2D250619C?brand=nhl&wt.mc_id=NHL_LEAGUE_NYI_SCHED_PG_GM2&utm_source=nhl_website&utm_medium=leagueschedule&utm_campaign=NHL_LEAGUE_NYI&utm_content=SCHED_PG_GM2,/gamecenter/chi-vs-nyi/2026/10/08/2026020062,UBS Arena,16,Blackhawks,Chicago,Chicago,de Chicago,CHI,https://assets.nhle.com/logos/nhl/svg/CHI_light.svg,https://assets.nhle.com/logos/nhl/svg/CHI_dark.svg,False,https://d2igy0yla8zi0u.cloudfront.net/CHI/20262027/CHI-radio.m3u8,2,Islanders,New York,New York,de New York,NYI,https://assets.nhle.com/logos/nhl/svg/NYI_light.svg,https://assets.nhle.com/logos/nhl/svg/NYI_dark.svg,False,https://d2igy0yla8zi0u.cloudfront.net/NYI/20262027/NYI-radio.m3u8,1,REG,3,,,,,,
2026-10-08,2026020063,20262027,2,False,2026-10-09T00:00:00Z,-04:00,-05:00,US/Central,FUT,OK,"[{'id': 329, 'market': 'N', 'countryCode': 'US', 'network': 'ESPN+', 'sequenceNumber': 16}, {'id': 391, 'market': 'N', 'countryCode': 'US', 'network': 'HULU', 'sequenceNumber': 17}, {'id': 574, 'market': 'N', 'countryCode': 'US', 'network': 'Disney+', 'sequenceNumber': 21}, {'id': 549, 'market': 'N', 'countryCode': 'CA', 'network': 'SN+', 'sequenceNumber': 117}]",https://www.ticketmaster.com/event/060064EECDE41AE7?brand=nhl&wt.mc_id=NHL_LEAGUE_STL_SCHED_PG_GM1&utm_source=NHL.com&utm_medium=client&utm_campaign=NHL_LEAGUE_STL&utm_content=SCHED_PG_GM1,https://www.ticketmaster.com/event/060064EECDE41AE7?brand=nhl&wt.mc_id=NHL_LEAGUE_STL_SCHED_PG_GM1&utm_source=NHL.com&utm_medium=client&utm_campaign=NHL_LEAGUE_STL&utm_content=SCHED_PG_GM1,/gamecenter/sjs-vs-stl/2026/10/08/2026020063,Enterprise Center,28,Sharks,San Jose,San Jose,de San Jose,SJS,https://assets.nhle.com/logos/nhl/svg/SJS_light.svg,https://assets.nhle.com/logos/nhl/svg/SJS_dark.svg,False,https://d2igy0yla8zi0u.cloudfront.net/SJS/20262027/SJS-radio.m3u8,19,Blues,St. Louis,St. Louis,de St. Louis,STL,https://assets.nhle.com/logos/nhl/svg/STL_light.svg,https://assets.nhle.com/logos/nhl/svg/STL_dark.svg,False,https://d2igy0yla8zi0u.cloudfront.net/STL/20262027/STL-radio.m3u8,1,REG,3,,,,,,
2026-10-08,2026020064,20262027,2,False,2026-10-09T01:00:00Z,-04:00,-06:00,America/Edmonton,FUT,OK,"[{'id': 289, 'market': 'N', 'countryCode': 'CA', 'network': 'SNW', 'sequenceNumber': 34}, {'id': 2, 'market': 'A', 'countryCode': 'US', 'network': 'ALT', 'sequenceNumber': 385}, {'id': 336, 'market': 'A', 'countryCode': 'US', 'network': 'KTVD', 'sequenceNumber': 623}]",https://www.ticketmaster.ca/event/110064FBA5A45410?brand=nhl&wt.mc_id=NHL_LEAGUE_CGY_SCHED_PG_GM2&utm_source=NHL.com&utm_medium=client_PM&utm_campaign=NHL_LEAGUE_CGY&utm_content=SCHED_PG_GM2,https://www.ticketmaster.ca/event/110064FBA5A45410?brand=nhl&wt.mc_id=NHL_LEAGUE_CGY_SCHED_PG_GM2&utm_source=NHL.com&utm_medium=client_PM&utm_campaign=NHL_LEAGUE_CGY&utm_content=SCHED_PG_GM2,/gamecenter/col-vs-cgy/2026/10/08/2026020064,Scotiabank Saddledome,21,Avalanche,Colorado,Colorado,du Colorado,COL,https://assets.nhle.com/logos/nhl/svg/COL_light.svg,https://assets.nhle.com/logos/nhl/svg/COL_dark.svg,False,https://d2igy0yla8zi0u.cloudfront.net/COL/20262027/COL-radio.m3u8,20,Flames,Calgary,Calgary,de Calgary,CGY,https://assets.nhle.com/logos/nhl/svg/CGY_light.svg,https://assets.nhle.com/logos/nhl/svg/CGY_dark.svg,False,https://d2igy0yla8zi0u.cloudfront.net/CGY/20262027/CGY-radio.m3u8,1,REG,3,,,,,,
2026-10-08,2026020065,20262027,2,False,2026-10-09T02:00:00Z,-04:00,-07:00,US/Pacific,FUT,OK,"[{'id': 293, 'market': 'A', 'countryCode': 'CA', 'network': 'TSN4', 'sequenceNumber': 137}, {'id': 521, 'market': 'H', 'countryCode': 'US', 'network': 'SCRIPPS', 'sequenceNumber': 657}]",https://www.nhl.com/goldenknights/tickets/,https://www.nhl.com/goldenknights/tickets/,/gamecenter/tor-vs-vgk/2026/10/08/2026020065,T-Mobile Arena,10,Maple Leafs,Toronto,Toronto,de Toronto,TOR,https://assets.nhle.com/logos/nhl/svg/TOR_light.svg,https://assets.nhle.com/logos/nhl/svg/TOR_dark.svg,False,https://d2igy0yla8zi0u.cloudfront.net/TOR/20262027/TOR-radio.m3u8,54,Golden Knights,Vegas,Vegas,de Vegas,VGK,https://assets.nhle.com/logos/nhl/svg/VGK_light.svg,https://assets.nhle.com/logos/nhl/svg/VGK_dark.svg,False,https://d2igy0yla8zi0u.cloudfront.net/VGK/20262027/VGK-radio.m3u8,1,REG,3,,,,,,
2026-10-09,2026020066,20262027,2,False,2026-10-09T23:00:00Z,-04:00,-04:00,America/Detroit,FUT,OK,"[{'id': 645, 'market': 'H', 'countryCode': 'US', 'network': 'DSN', 'sequenceNumber': 1}, {'id': 652, 'market': 'A', 'countryCode': 'US', 'network': 'Prime Video', 'sequenceNumber': 117}, {'id': 387, 'market': 'A', 'countryCode': 'US', 'network': 'KING', 'sequenceNumber': 615}, {'id': 388, 'market': 'A', 'countryCode': 'US', 'network': 'KONG', 'sequenceNumber': 654}]",https://www.ticketmaster.com/event/080064EED7B47FB2?brand=nhl&wt.mc_id=NHL_LEAGUE_DET_SCHED_PG_GM4&utm_source=NHL.com&utm_medium=client&utm_campaign=NHL_LEAGUE_DET&utm_content=SCHED_PG_GM4,https://www.ticketmaster.com/event/080064EED7B47FB2?brand=nhl&wt.mc_id=NHL_LEAGUE_DET_SCHED_PG_GM4&utm_source=NHL.com&utm_medium=client&utm_campaign=NHL_LEAGUE_DET&utm_content=SCHED_PG_GM4,/gamecenter/sea-vs-det/2026/10/09/2026020066,Little Caesars Arena,55,Kraken,Seattle,Seattle,de Seattle,SEA,https://assets.nhle.com/logos/nhl/svg/SEA_light.svg,https://assets.nhle.com/logos/nhl/svg/SEA_dark.svg,False,https://d2igy0yla8zi0u.cloudfront.net/SEA/20262027/SEA-radio.m3u8,17,Red Wings,Detroit,Detroit,de Detroit,DET,https://assets.nhle.com/logos/nhl/svg/DET_light.svg,https://assets.nhle.com/logos/nhl/svg/DET_dark.svg,False,https://d2igy0yla8zi0u.cloudfront.net/DET/20262027/DET-radio.m3u8,1,REG,3,,,,,,
2026-10-09,2026020067,20262027,2,False,2026-10-09T23:00:00Z,-04:00,-04:00,US/Eastern,FUT,OK,"[{'id': 324, 'market': 'N', 'countryCode': 'US', 'network': 'NHLN', 'sequenceNumber': 35}, {'id': 517, 'market': 'H', 'countryCode': 'US', 'network': 'MNMT', 'sequenceNumber': 396}, {'id': 27, 'market': 'A', 'countryCode': 'US', 'network': 'MSG', 'sequenceNumber': 417}]",https://www.ticketmaster.com/event/150064F0345BE27A?brand=nhl&wt.mc_id=NHL_LEAGUE_WSH_SCHED_PG_GM2&utm_source=league_schedulepage&utm_medium=web_organic&utm_campaign=2627sgb_ca109nr,https://www.ticketmaster.com/event/150064F0345BE27A?brand=nhl&wt.mc_id=NHL_LEAGUE_WSH_SCHED_PG_GM2&utm_source=league_schedulepage&utm_medium=web_organic&utm_campaign=2627sgb_ca109nr,/gamecenter/nyr-vs-wsh/2026/10/09/2026020067,Capital One Arena,3,Rangers,New York,New York,de New York,NYR,https://assets.nhle.com/logos/nhl/svg/NYR_light.svg,https://assets.nhle.com/logos/nhl/svg/NYR_dark.svg,False,https://d2igy0yla8zi0u.cloudfront.net/NYR/20262027/NYR-radio.m3u8,15,Capitals,Washington,Washington,de Washington,WSH,https://assets.nhle.com/logos/nhl/svg/WSH_secondary_light.svg,https://assets.nhle.com/logos/nhl/svg/WSH_secondary_dark.svg,False,https://d2igy0yla8zi0u.cloudfront.net/WSH/20262027/WSH-radio.m3u8,1,REG,3,,,,,,
2026-10-09,2026020068,20262027,2,False,2026-10-09T23:00:00Z,-04:00,-04:00,US/Eastern,FUT,OK,"[{'id': 647, 'market': 'H', 'countryCode': 'US', 'network': 'CBJNHL', 'sequenceNumber': 1}, {'id': 755, 'market': 'H', 'countryCode': 'US', 'network': 'CBJHN', 'sequenceNumber': 1}, {'id': 549, 'market': 'N', 'countryCode': 'CA', 'network': 'SN+', 'sequenceNumber': 117}, {'id': 281, 'market': 'N', 'countryCode': 'CA', 'network': 'TVAS', 'sequenceNumber': 120}, {'id': 528, 'market': 'A', 'countryCode': 'US', 'network': 'SN-PIT', 'sequenceNumber': 384}]",https://www.ticketmaster.com/event/050064EDDA9ED4E7?brand=nhl&wt.mc_id=NHL_LEAGUE_CBJ_SCHED_PG_GM3&utm_source=web_schedule&utm_medium=NHL.com&utm_campaign=NHL_LEAGUE_CBJ&utm_content=SCHED_PG_GM3,https://www.ticketmaster.com/event/050064EDDA9ED4E7?brand=nhl&wt.mc_id=NHL_LEAGUE_CBJ_SCHED_PG_GM3&utm_source=web_schedule&utm_medium=NHL.com&utm_campaign=NHL_LEAGUE_CBJ&utm_content=SCHED_PG_GM3,/gamecenter/pit-vs-cbj/2026/10/09/2026020068,Nationwide Arena,5,Penguins,Pittsburgh,Pittsburgh,de Pittsburgh,PIT,https://assets.nhle.com/logos/nhl/svg/PIT_light.svg,https://assets.nhle.com/logos/nhl/svg/PIT_dark.svg,False,https://d2igy0yla8zi0u.cloudfront.net/PIT/20262027/PIT-radio.m3u8,29,Blue Jackets,Columbus,Columbus,de Columbus,CBJ,https://assets.nhle.com/logos/nhl/svg/CBJ_light.svg,https://assets.nhle.com/logos/nhl/svg/CBJ_dark.svg,False,https://d2igy0yla8zi0u.cloudfront.net/CBJ/20262027/CBJ-radio.m3u8,1,REG,3,,,,,,
2026-10-09,2026020069,20262027,2,False,2026-10-10T00:00:00Z,-04:00,-05:00,America/Winnipeg,FUT,OK,"[{'id': 284, 'market': 'N', 'countryCode': 'CA', 'network': 'SN1', 'sequenceNumber': 113}, {'id': 652, 'market': 'A', 'countryCode': 'US', 'network': 'Prime Video', 'sequenceNumber': 117}, {'id': 219, 'market': 'A', 'countryCode': 'US', 'network': 'KCOP-13', 'sequenceNumber': 656}]",https://www.ticketmaster.ca/event/11006505CB3AA935?brand=nhl&wt.mc_id=NHL_LEAGUE_WPG_SCHED_PG_GM3&utm_source=NHL.com&utm_medium=client_PM&utm_campaign=NHL_LEAGUE_WPG&utm_content=SCHED_PG_GM3,https://www.ticketmaster.ca/event/11006505CB3AA935?brand=nhl&wt.mc_id=NHL_LEAGUE_WPG_SCHED_PG_GM3&utm_source=NHL.com&utm_medium=client_PM&utm_campaign=NHL_LEAGUE_WPG&utm_content=SCHED_PG_GM3,/gamecenter/ana-vs-wpg/2026/10/09/2026020069,Canada Life Centre,24,Ducks,Anaheim,Anaheim,d'Anaheim,ANA,https://assets.nhle.com/logos/nhl/svg/ANA_light.svg,https://assets.nhle.com/logos/nhl/svg/ANA_dark.svg,False,https://d2igy0yla8zi0u.cloudfront.net/ANA/20262027/ANA-radio.m3u8,52,Jets,Winnipeg,Winnipeg,de Winnipeg,WPG,https://assets.nhle.com/logos/nhl/svg/WPG_light.svg,https://assets.nhle.com/logos/nhl/svg/WPG_dark.svg,False,https://d2igy0yla8zi0u.cloudfront.net/WPG/20262027/WPG-radio.m3u8,1,REG,3,,,,,,
2026-10-10,2026020070,20262027,2,False,2026-10-10T17:00:00Z,-04:00,-04:00,US/Eastern,FUT,OK,"[{'id': 282, 'market': 'N', 'countryCode': 'CA', 'network': 'SN', 'sequenceNumber': 21}, {'id': 324, 'market': 'N', 'countryCode': 'US', 'network': 'NHLN', 'sequenceNumber': 35}, {'id': 281, 'market': 'N', 'countryCode': 'CA', 'network': 'TVAS', 'sequenceNumber': 120}, {'id': 322, 'market': 'A', 'countryCode': 'US', 'network': 'NBCSP', 'sequenceNumber': 389}, {'id': 31, 'market': 'H', 'countryCode': 'US', 'network': 'NESN', 'sequenceNumber': 405}]",https://www.ticketmaster.com/event/010064EDC4F579BC?brand=nhl&wt.mc_id=NHL_LEAGUE_BOS_SCHED_PG_GM4&utm_source=NHL.com&utm_medium=client&utm_campaign=NHL_LEAGUE_BOS&utm_content=SCHED_PG_GM4,https://www.ticketmaster.com/event/010064EDC4F579BC?brand=nhl&wt.mc_id=NHL_LEAGUE_BOS_SCHED_PG_GM4&utm_source=NHL.com&utm_medium=client&utm_campaign=NHL_LEAGUE_BOS&utm_content=SCHED_PG_GM4,/gamecenter/phi-vs-bos/2026/10/10/2026020070,TD Garden,4,Flyers,Philadelphia,Philadelphia,de Philadelphie,PHI,https://assets.nhle.com/logos/nhl/svg/PHI_light.svg,https://assets.nhle.com/logos/nhl/svg/PHI_dark.svg,False,https://d2igy0yla8zi0u.cloudfront.net/PHI/20262027/PHI-radio.m3u8,6,Bruins,Boston,Boston,de Boston,BOS,https://assets.nhle.com/logos/nhl/svg/BOS_light.svg,https://assets.nhle.com/logos/nhl/svg/BOS_dark.svg,False,https://d2igy0yla8zi0u.cloudfront.net/BOS/20262027/BOS-radio.m3u8,1,REG,3,Philadelphie,,,,,
2026-10-10,2026020071,20262027,2,False,2026-10-10T19:30:00Z,-04:00,-04:00,US/Eastern,FUT,OK,"[{'id': 282, 'market': 'N', 'countryCode': 'CA', 'network': 'SN', 'sequenceNumber': 21}, {'id': 409, 'market': 'H', 'countryCode': 'US', 'network': 'MSGSN', 'sequenceNumber': 411}]",https://www.ticketmaster.com/event/020064F091959C53?brand=nhl&wt.mc_id=NHL_LEAGUE_NJD_SCHED_PG_GM3&utm_source=NHL.com&utm_medium=client&utm_campaign=NHL_LEAGUE_NJD&utm_content=SCHED_PG_GM3,https://www.ticketmaster.com/event/020064F091959C53?brand=nhl&wt.mc_id=NHL_LEAGUE_NJD_SCHED_PG_GM3&utm_source=NHL.com&utm_medium=client&utm_campaign=NHL_LEAGUE_NJD&utm_content=SCHED_PG_GM3,/gamecenter/van-vs-njd/2026/10/10/2026020071,Prudential Center,23,Canucks,Vancouver,Vancouver,de Vancouver,VAN,https://assets.nhle.com/logos/nhl/svg/VAN_light.svg,https://assets.nhle.com/logos/nhl/svg/VAN_dark.svg,False,https://d2igy0yla8zi0u.cloudfront.net/VAN/20262027/VAN-radio.m3u8,1,Devils,New Jersey,New Jersey,du New Jersey,NJD,https://assets.nhle.com/logos/nhl/svg/NJD_light.svg,https://assets.nhle.com/logos/nhl/svg/NJD_dark.svg,False,https://d2igy0yla8zi0u.cloudfront.net/NJD/20262027/NJD-radio.m3u8,1,REG,3,,,,,,
2026-10-10,2026020072,20262027,2,False,2026-10-10T20:00:00Z,-04:00,-07:00,US/Pacific,FUT,OK,"[{'id': 289, 'market': 'N', 'countryCode': 'CA', 'network': 'SNW', 'sequenceNumber': 34}, {'id': 284, 'market': 'N', 'countryCode': 'CA', 'network': 'SN1', 'sequenceNumber': 113}, {'id': 314, 'market': 'H', 'countryCode': 'US', 'network': 'NBCSCA', 'sequenceNumber': 393}]",https://www.ticketmaster.com/event/1C0064E79AB89B46?brand=nhl&wt.mc_id=NHL_LEAGUE_SJS_SCHED_PG_GM3&utm_source=NHL.com&utm_medium=client&utm_campaign=NHL_LEAGUE_SJS&utm_content=SCHED_PG_GM3,https://www.ticketmaster.com/event/1C0064E79AB89B46?brand=nhl&wt.mc_id=NHL_LEAGUE_SJS_SCHED_PG_GM3&utm_source=NHL.com&utm_medium=client&utm_campaign=NHL_LEAGUE_SJS&utm_content=SCHED_PG_GM3,/gamecenter/edm-vs-sjs/2026/10/10/2026020072,SAP Center at San Jose,22,Oilers,Edmonton,Edmonton,d'Edmonton,EDM,https://assets.nhle.com/logos/nhl/svg/EDM_light.svg,https://assets.nhle.com/logos/nhl/svg/EDM_dark.svg,False,https://d2igy0yla8zi0u.cloudfront.net/EDM/20262027/EDM-radio.m3u8,28,Sharks,San Jose,San Jose,de San Jose,SJS,https://assets.nhle.com/logos/nhl/svg/SJS_light.svg,https://assets.nhle.com/logos/nhl/svg/SJS_dark.svg,False,https://d2igy0yla8zi0u.cloudfront.net/SJS/20262027/SJS-radio.m3u8,1,REG,3,,,SAP Center de San Jose,,,SAP Center en San Jose
2026-10-10,2026020073,20262027,2,False,2026-10-10T22:00:00Z,-04:00,-04:00,US/Eastern,FUT,OK,"[{'id': 648, 'market': 'A', 'countryCode': 'US', 'network': 'MINNHL', 'sequenceNumber': 1}, {'id': 758, 'market': 'A', 'countryCode': 'US', 'network': 'Wild+', 'sequenceNumber': 1}, {'id': 521, 'market': 'H', 'countryCode': 'US', 'network': 'SCRIPPS', 'sequenceNumber': 657}]",https://seatgeek.com/florida-panthers-tickets/10-10-2026-sunrise-florida-amerant-bank-arena/nhl/18362731?aid=15999&pid=web&rid=80426&utm_medium=partnership&utm_source=panthers_ticketing&utm_campaign=web,https://seatgeek.com/florida-panthers-tickets/10-10-2026-sunrise-florida-amerant-bank-arena/nhl/18362731?aid=15999&pid=web&rid=80426&utm_medium=partnership&utm_source=panthers_ticketing&utm_campaign=web,/gamecenter/min-vs-fla/2026/10/10/2026020073,Amerant Bank Arena,30,Wild,Minnesota,Minnesota,du Minnesota,MIN,https://assets.nhle.com/logos/nhl/svg/MIN_light.svg,https://assets.nhle.com/logos/nhl/svg/MIN_dark.svg,False,https://d2igy0yla8zi0u.cloudfront.net/MIN/20262027/MIN-radio.m3u8,13,Panthers,Florida,Florida,de la Floride,FLA,https://assets.nhle.com/logos/nhl/svg/FLA_light.svg,https://assets.nhle.com/logos/nhl/svg/FLA_dark.svg,False,https://d2igy0yla8zi0u.cloudfront.net/FLA/20262027/FLA-radio.m3u8,1,REG,3,,,,,Floride,
2026-10-10,2026020074,20262027,2,False,2026-10-10T23:00:00Z,-04:00,-04:00,America/New_York,FUT,OK,"[{'id': 558, 'market': 'A', 'countryCode': 'US', 'network': 'Utah16', 'sequenceNumber': 381}, {'id': 28, 'market': 'H', 'countryCode': 'US', 'network': 'MSG-B', 'sequenceNumber': 392}]",https://www.ticketmaster.com/event/000064EFCB197FA5?brand=nhl&wt.mc_id=NHL_LEAGUE_BUF_SCHED_PG_GM4&utm_source=NHL.com&utm_medium=client&utm_campaign=NHL_LEAGUE_BUF&utm_content=SCHED_PG_GM4,https://www.ticketmaster.com/event/000064EFCB197FA5?brand=nhl&wt.mc_id=NHL_LEAGUE_BUF_SCHED_PG_GM4&utm_source=NHL.com&utm_medium=client&utm_campaign=NHL_LEAGUE_BUF&utm_content=SCHED_PG_GM4,/gamecenter/uta-vs-buf/2026/10/10/2026020074,KeyBank Center,68,Mammoth,Utah,Utah,de l'Utah,UTA,https://assets.nhle.com/logos/nhl/svg/UTA_light.svg,https://assets.nhle.com/logos/nhl/svg/UTA_dark.svg,False,https://d2igy0yla8zi0u.cloudfront.net/UTA/20262027/UTA-radio.m3u8,7,Sabres,Buffalo,Buffalo,de Buffalo,BUF,https://assets.nhle.com/logos/nhl/svg/BUF_light.svg,https://assets.nhle.com/logos/nhl/svg/BUF_dark.svg,False,https://d2igy0yla8zi0u.cloudfront.net/BUF/20262027/BUF-radio.m3u8,1,REG,3,,,,,,
2026-10-10,2026020075,20262027,2,False,2026-10-10T23:00:00Z,-04:00,-04:00,America/Montreal,FUT,OK,"[{'id': 645, 'market': 'A', 'countryCode': 'US', 'network': 'DSN', 'sequenceNumber': 1}, {'id': 287, 'market': 'N', 'countryCode': 'CA', 'network': 'SNE', 'sequenceNumber': 30}, {'id': 281, 'market': 'N', 'countryCode': 'CA', 'network': 'TVAS', 'sequenceNumber': 120}]",https://www.ticketmaster.ca/event/310064FACAAB8710?lang=en-ca&brand=nhl&wt.mc_id=NHL_LEAGUE_MTL_SCHED_PG_GM3&utm_source=NHL.com&utm_medium=client&utm_campaign=NHL_LEAGUE_MTL&utm_content=SCHED_PG_GM3,https://www.ticketmaster.ca/event/310064FACAAB8710?lang=fr-ca&brand=nhl&wt.mc_id=NHL_LEAGUE_MTL_SCHED_PG_GM3&utm_source=NHL.com&utm_medium=client&utm_campaign=NHL_LEAGUE_MTL&utm_content=SCHED_PG_GM3,/gamecenter/det-vs-mtl/2026/10/10/2026020075,Centre Bell,17,Red Wings,Detroit,Detroit,de Detroit,DET,https://assets.nhle.com/logos/nhl/svg/DET_light.svg,https://assets.nhle.com/logos/nhl/svg/DET_dark.svg,False,https://d2igy0yla8zi0u.cloudfront.net/DET/20262027/DET-radio.m3u8,8,Canadiens,Montréal,Montréal,de Montréal,MTL,https://assets.nhle.com/logos/nhl/svg/MTL_light.svg,https://assets.nhle.com/logos/nhl/svg/MTL_dark.svg,False,https://d2igy0yla8zi0u.cloudfront.net/MTL/20262027/MTL-radio.m3u8,1,REG,3,,,,,,
2026-10-10,2026020076,20262027,2,False,2026-10-10T23:00:00Z,-04:00,-04:00,US/Eastern,FUT,OK,"[{'id': 284, 'market': 'N', 'countryCode': 'CA', 'network': 'SN1', 'sequenceNumber': 113}, {'id': 521, 'market': 'A', 'countryCode': 'US', 'network': 'SCRIPPS', 'sequenceNumber': 657}]",https://www.ticketmaster.ca/event/31006507E8FC3415?brand=ottawasenators&artistid=805997&landing=s&wt.mc_id=NHL_TEAM_OTT_SGT_PG_GM2&,https://www.nhl.com/fr/senators/tickets/,/gamecenter/nsh-vs-ott/2026/10/10/2026020076,Canadian Tire Centre,18,Predators,Nashville,Nashville,de Nashville,NSH,https://assets.nhle.com/logos/nhl/svg/NSH_light.svg,https://assets.nhle.com/logos/nhl/svg/NSH_dark.svg,False,https://d2igy0yla8zi0u.cloudfront.net/NSH/20262027/NSH-radio.m3u8,9,Senators,Ottawa,Ottawa,d'Ottawa,OTT,https://assets.nhle.com/logos/nhl/svg/OTT_light.svg,https://assets.nhle.com/logos/nhl/svg/OTT_dark.svg,False,https://d2igy0yla8zi0u.cloudfront.net/OTT/20262027/OTT-radio.m3u8,1,REG,3,,,Centre Canadian Tire,Sénateurs,,
2026-10-10,2026020077,20262027,2,False,2026-10-10T23:00:00Z,-04:00,-04:00,US/Eastern,FUT,OK,"[{'id': 652, 'market': 'A', 'countryCode': 'US', 'network': 'Prime Video', 'sequenceNumber': 117}, {'id': 528, 'market': 'H', 'countryCode': 'US', 'network': 'SN-PIT', 'sequenceNumber': 384}]",https://www.ticketmaster.com/event/160064EAF579B899?brand=nhl&wt.mc_id=NHL_LEAGUE_PIT_SCHED_PG_GM3&utm_source=NHL.com&utm_medium=client&utm_campaign=NHL_LEAGUE_PIT&utm_content=SCHED_PG_GM3&camefrom=NHLPENGUINS_WEB_NHL_SCHEDULE_PG,https://www.ticketmaster.com/event/160064EAF579B899?brand=nhl&wt.mc_id=NHL_LEAGUE_PIT_SCHED_PG_GM3&utm_source=NHL.com&utm_medium=client&utm_campaign=NHL_LEAGUE_PIT&utm_content=SCHED_PG_GM3&camefrom=NHLPENGUINS_WEB_NHL_SCHEDULE_PG,/gamecenter/dal-vs-pit/2026/10/10/2026020077,PPG Paints Arena,25,Stars,Dallas,Dallas,de Dallas,DAL,https://assets.nhle.com/logos/nhl/svg/DAL_light.svg,https://assets.nhle.com/logos/nhl/svg/DAL_dark.svg,False,https://d2igy0yla8zi0u.cloudfront.net/DAL/20262027/DAL-radio.m3u8,5,Penguins,Pittsburgh,Pittsburgh,de Pittsburgh,PIT,https://assets.nhle.com/logos/nhl/svg/PIT_light.svg,https://assets.nhle.com/logos/nhl/svg/PIT_dark.svg,False,https://d2igy0yla8zi0u.cloudfront.net/PIT/20262027/PIT-radio.m3u8,1,REG,3,,,,,,
2026-10-10,2026020078,20262027,2,False,2026-10-10T23:00:00Z,-04:00,-05:00,America/Chicago,FUT,OK,"[{'id': 646, 'market': 'A', 'countryCode': 'US', 'network': 'CARNHL', 'sequenceNumber': 1}, {'id': 754, 'market': 'A', 'countryCode': 'US', 'network': 'HHN', 'sequenceNumber': 1}, {'id': 551, 'market': 'H', 'countryCode': 'US', 'network': 'CHSN', 'sequenceNumber': 254}]",https://www.ticketmaster.com/event/040064F0902F77A3?brand=nhl&wt.mc_id=NHL_LEAGUE_CHI_SCHED_PG_GM2&utm_source=NHL.com&utm_medium=client&utm_campaign=NHL_LEAGUE_CHI&utm_content=SCHED_PG_GM2,https://www.ticketmaster.com/event/040064F0902F77A3?brand=nhl&wt.mc_id=NHL_LEAGUE_CHI_SCHED_PG_GM2&utm_source=NHL.com&utm_medium=client&utm_campaign=NHL_LEAGUE_CHI&utm_content=SCHED_PG_GM2,/gamecenter/car-vs-chi/2026/10/10/2026020078,United Center,12,Hurricanes,Carolina,Carolina,de la Caroline,CAR,https://assets.nhle.com/logos/nhl/svg/CAR_light.svg,https://assets.nhle.com/logos/nhl/svg/CAR_dark.svg,False,https://d2igy0yla8zi0u.cloudfront.net/CAR/20262027/CAR-radio.m3u8,16,Blackhawks,Chicago,Chicago,de Chicago,CHI,https://assets.nhle.com/logos/nhl/svg/CHI_light.svg,https://assets.nhle.com/logos/nhl/svg/CHI_dark.svg,False,https://d2igy0yla8zi0u.cloudfront.net/CHI/20262027/CHI-radio.m3u8,1,REG,3,Caroline,,,,,
2026-10-10,2026020079,20262027,2,False,2026-10-10T23:00:00Z,-04:00,-05:00,US/Central,FUT,OK,"[{'id': 647, 'market': 'A', 'countryCode': 'US', 'network': 'CBJNHL', 'sequenceNumber': 1}, {'id': 649, 'market': 'H', 'countryCode': 'US', 'network': 'STLNHL', 'sequenceNumber': 1}, {'id': 650, 'market': 'H', 'countryCode': 'US', 'network': 'BN+', 'sequenceNumber': 1}, {'id': 755, 'market': 'A', 'countryCode': 'US', 'network': 'CBJHN', 'sequenceNumber': 1}]",https://www.ticketmaster.com/event/060064EECDEB1AF5?brand=nhl&wt.mc_id=NHL_LEAGUE_STL_SCHED_PG_GM2&utm_source=NHL.com&utm_medium=client&utm_campaign=NHL_LEAGUE_STL&utm_content=SCHED_PG_GM2,https://www.ticketmaster.com/event/060064EECDEB1AF5?brand=nhl&wt.mc_id=NHL_LEAGUE_STL_SCHED_PG_GM2&utm_source=NHL.com&utm_medium=client&utm_campaign=NHL_LEAGUE_STL&utm_content=SCHED_PG_GM2,/gamecenter/cbj-vs-stl/2026/10/10/2026020079,Enterprise Center,29,Blue Jackets,Columbus,Columbus,de Columbus,CBJ,https://assets.nhle.com/logos/nhl/svg/CBJ_light.svg,https://assets.nhle.com/logos/nhl/svg/CBJ_dark.svg,False,https://d2igy0yla8zi0u.cloudfront.net/CBJ/20262027/CBJ-radio.m3u8,19,Blues,St. Louis,St. Louis,de St. Louis,STL,https://assets.nhle.com/logos/nhl/svg/STL_light.svg,https://assets.nhle.com/logos/nhl/svg/STL_dark.svg,False,https://d2igy0yla8zi0u.cloudfront.net/STL/20262027/STL-radio.m3u8,1,REG,3,,,,,,
2026-10-10,2026020080,20262027,2,False,2026-10-10T23:00:00Z,-04:00,-06:00,America/Denver,FUT,OK,"[{'id': 282, 'market': 'N', 'countryCode': 'CA', 'network': 'SN', 'sequenceNumber': 21}, {'id': 324, 'market': 'N', 'countryCode': 'US', 'network': 'NHLN', 'sequenceNumber': 35}, {'id': 2, 'market': 'H', 'countryCode': 'US', 'network': 'ALT', 'sequenceNumber': 385}]",https://www.ticketmaster.com/event/1E0064EEB2AE9EAC?brand=nhl&wt.mc_id=NHL_LEAGUE_COL_SCHED_PG_GM3&utm_source=NHL.com&utm_medium=client&utm_campaign=NHL_LEAGUE_COL&utm_content=SCHED_PG_GM3,https://www.ticketmaster.com/event/1E0064EEB2AE9EAC?brand=nhl&wt.mc_id=NHL_LEAGUE_COL_SCHED_PG_GM3&utm_source=NHL.com&utm_medium=client&utm_campaign=NHL_LEAGUE_COL&utm_content=SCHED_PG_GM3,/gamecenter/tor-vs-col/2026/10/10/2026020080,Ball Arena,10,Maple Leafs,Toronto,Toronto,de Toronto,TOR,https://assets.nhle.com/logos/nhl/svg/TOR_light.svg,https://assets.nhle.com/logos/nhl/svg/TOR_dark.svg,False,https://d2igy0yla8zi0u.cloudfront.net/TOR/20262027/TOR-radio.m3u8,21,Avalanche,Colorado,Colorado,du Colorado,COL,https://assets.nhle.com/logos/nhl/svg/COL_light.svg,https://assets.nhle.com/logos/nhl/svg/COL_dark.svg,False,https://d2igy0yla8zi0u.cloudfront.net/COL/20262027/COL-radio.m3u8,1,REG,3,,,,,,
2026-10-10,2026020081,20262027,2,False,2026-10-10T23:30:00Z,-04:00,-04:00,America/New_York,FUT,OK,"[{'id': 581, 'market': 'A', 'countryCode': 'US', 'network': 'The Spot', 'sequenceNumber': 211}, {'id': 409, 'market': 'H', 'countryCode': 'US', 'network': 'MSGSN', 'sequenceNumber': 411}]",https://www.ticketmaster.com/event/300064E2D25561A1?brand=nhl&wt.mc_id=NHL_LEAGUE_NYI_SCHED_PG_GM3&utm_source=nhl_website&utm_medium=leagueschedule&utm_campaign=NHL_LEAGUE_NYI&utm_content=SCHED_PG_GM3,https://www.ticketmaster.com/event/300064E2D25561A1?brand=nhl&wt.mc_id=NHL_LEAGUE_NYI_SCHED_PG_GM3&utm_source=nhl_website&utm_medium=leagueschedule&utm_campaign=NHL_LEAGUE_NYI&utm_content=SCHED_PG_GM3,/gamecenter/tbl-vs-nyi/2026/10/10/2026020081,UBS Arena,14,Lightning,Tampa Bay,Tampa Bay,de Tampa Bay,TBL,https://assets.nhle.com/logos/nhl/svg/TBL_light.svg,https://assets.nhle.com/logos/nhl/svg/TBL_dark.svg,False,https://d2igy0yla8zi0u.cloudfront.net/TBL/20262027/TBL-radio.m3u8,2,Islanders,New York,New York,de New York,NYI,https://assets.nhle.com/logos/nhl/svg/NYI_light.svg,https://assets.nhle.com/logos/nhl/svg/NYI_dark.svg,False,https://d2igy0yla8zi0u.cloudfront.net/NYI/20262027/NYI-radio.m3u8,1,REG,3,,,,,,
2026-10-10,2026020082,20262027,2,False,2026-10-11T02:00:00Z,-04:00,-06:00,America/Edmonton,FUT,OK,"[{'id': 282, 'market': 'N', 'countryCode': 'CA', 'network': 'SN', 'sequenceNumber': 107}, {'id': 652, 'market': 'A', 'countryCode': 'US', 'network': 'Prime Video', 'sequenceNumber': 117}, {'id': 219, 'market': 'A', 'countryCode': 'US', 'network': 'KCOP-13', 'sequenceNumber': 656}]",https://www.ticketmaster.ca/event/110064FBA5AA5429?brand=nhl&wt.mc_id=NHL_LEAGUE_CGY_SCHED_PG_GM3&utm_source=NHL.com&utm_medium=client_PM&utm_campaign=NHL_LEAGUE_CGY&utm_content=SCHED_PG_GM3,https://www.ticketmaster.ca/event/110064FBA5AA5429?brand=nhl&wt.mc_id=NHL_LEAGUE_CGY_SCHED_PG_GM3&utm_source=NHL.com&utm_medium=client_PM&utm_campaign=NHL_LEAGUE_CGY&utm_content=SCHED_PG_GM3,/gamecenter/ana-vs-cgy/2026/10/10/2026020082,Scotiabank Saddledome,24,Ducks,Anaheim,Anaheim,d'Anaheim,ANA,https://assets.nhle.com/logos/nhl/svg/ANA_light.svg,https://assets.nhle.com/logos/nhl/svg/ANA_dark.svg,False,https://d2igy0yla8zi0u.cloudfront.net/ANA/20262027/ANA-radio.m3u8,20,Flames,Calgary,Calgary,de Calgary,CGY,https://assets.nhle.com/logos/nhl/svg/CGY_light.svg,https://assets.nhle.com/logos/nhl/svg/CGY_dark.svg,False,https://d2igy0yla8zi0u.cloudfront.net/CGY/20262027/CGY-radio.m3u8,1,REG,3,,,,,,
2026-10-10,2026020083,20262027,2,False,2026-10-11T02:00:00Z,-04:00,-07:00,US/Pacific,FUT,OK,"[{'id': 651, 'market': 'A', 'countryCode': 'US', 'network': 'ABTV ', 'sequenceNumber': 1}, {'id': 521, 'market': 'H', 'countryCode': 'US', 'network': 'SCRIPPS', 'sequenceNumber': 657}]",https://www.nhl.com/goldenknights/tickets/,https://www.nhl.com/goldenknights/tickets/,/gamecenter/lak-vs-vgk/2026/10/10/2026020083,T-Mobile Arena,26,Kings,Los Angeles,Los Angeles,de Los Angeles,LAK,https://assets.nhle.com/logos/nhl/svg/LAK_light.svg,https://assets.nhle.com/logos/nhl/svg/LAK_dark.svg,False,https://d2igy0yla8zi0u.cloudfront.net/LAK/20262027/LAK-radio.m3u8,54,Golden Knights,Vegas,Vegas,de Vegas,VGK,https://assets.nhle.com/logos/nhl/svg/VGK_light.svg,https://assets.nhle.com/logos/nhl/svg/VGK_dark.svg,False,https://d2igy0yla8zi0u.cloudfront.net/VGK/20262027/VGK-radio.m3u8,1,REG,3,,,,,,
2026-10-11,2026020084,20262027,2,False,2026-10-11T21:00:00Z,-04:00,-04:00,US/Eastern,FUT,OK,"[{'id': 549, 'market': 'N', 'countryCode': 'CA', 'network': 'SN+', 'sequenceNumber': 117}, {'id': 652, 'market': 'A', 'countryCode': 'US', 'network': 'Prime Video', 'sequenceNumber': 117}, {'id': 281, 'market': 'N', 'countryCode': 'CA', 'network': 'TVAS', 'sequenceNumber': 120}, {'id': 517, 'market': 'H', 'countryCode': 'US', 'network': 'MNMT', 'sequenceNumber': 396}, {'id': 388, 'market': 'A', 'countryCode': 'US', 'network': 'KONG', 'sequenceNumber': 654}]",https://www.ticketmaster.com/event/150064F0345FE283?brand=nhl&wt.mc_id=NHL_LEAGUE_WSH_SCHED_PG_GM3&utm_source=league_schedulepage&utm_medium=web_organic&utm_campaign=2627sgb_ca1011sk,https://www.ticketmaster.com/event/150064F0345FE283?brand=nhl&wt.mc_id=NHL_LEAGUE_WSH_SCHED_PG_GM3&utm_source=league_schedulepage&utm_medium=web_organic&utm_campaign=2627sgb_ca1011sk,/gamecenter/sea-vs-wsh/2026/10/11/2026020084,Capital One Arena,55,Kraken,Seattle,Seattle,de Seattle,SEA,https://assets.nhle.com/logos/nhl/svg/SEA_light.svg,https://assets.nhle.com/logos/nhl/svg/SEA_dark.svg,False,https://d2igy0yla8zi0u.cloudfront.net/SEA/20262027/SEA-radio.m3u8,15,Capitals,Washington,Washington,de Washington,WSH,https://assets.nhle.com/logos/nhl/svg/WSH_secondary_light.svg,https://assets.nhle.com/logos/nhl/svg/WSH_secondary_dark.svg,False,https://d2igy0yla8zi0u.cloudfront.net/WSH/20262027/WSH-radio.m3u8,1,REG,3,,,,,,
2026-10-11,2026020085,20262027,2,False,2026-10-11T22:00:00Z,-04:00,-04:00,America/New_York,FUT,OK,"[{'id': 290, 'market': 'N', 'countryCode': 'CA', 'network': 'SNP', 'sequenceNumber': 33}, {'id': 27, 'market': 'H', 'countryCode': 'US', 'network': 'MSG', 'sequenceNumber': 417}]",https://www.ticketmaster.com/event/3B0064F1B1D74443?brand=nhl&wt.mc_id=NHL_LEAGUE_NYR_SCHED_PG_GM4&utm_source=NHL.com&utm_medium=client&utm_campaign=NHL_LEAGUE_NYR&utm_content=SCHED_PG_GM4&CAMEFROM=CFC_RANGERS_WEB_NHL_SCHED_260803,https://www.ticketmaster.com/event/3B0064F1B1D74443?brand=nhl&wt.mc_id=NHL_LEAGUE_NYR_SCHED_PG_GM4&utm_source=NHL.com&utm_medium=client&utm_campaign=NHL_LEAGUE_NYR&utm_content=SCHED_PG_GM4&CAMEFROM=CFC_RANGERS_WEB_NHL_SCHED_260803,/gamecenter/van-vs-nyr/2026/10/11/2026020085,Madison Square Garden,23,Canucks,Vancouver,Vancouver,de Vancouver,VAN,https://assets.nhle.com/logos/nhl/svg/VAN_light.svg,https://assets.nhle.com/logos/nhl/svg/VAN_dark.svg,False,https://d2igy0yla8zi0u.cloudfront.net/VAN/20262027/VAN-radio.m3u8,3,Rangers,New York,New York,de New York,NYR,https://assets.nhle.com/logos/nhl/svg/NYR_light.svg,https://assets.nhle.com/logos/nhl/svg/NYR_dark.svg,False,https://d2igy0yla8zi0u.cloudfront.net/NYR/20262027/NYR-radio.m3u8,1,REG,3,,,,,,
2026-10-11,2026020086,20262027,2,False,2026-10-11T23:00:00Z,-04:00,-04:00,US/Eastern,FUT,OK,"[{'id': 646, 'market': 'A', 'countryCode': 'US', 'network': 'CARNHL', 'sequenceNumber': 1}, {'id': 754, 'market': 'A', 'countryCode': 'US', 'network': 'HHN', 'sequenceNumber': 1}, {'id': 324, 'market': 'N', 'countryCode': 'US', 'network': 'NHLN', 'sequenceNumber': 35}, {'id': 549, 'market': 'N', 'countryCode': 'CA', 'network': 'SN+', 'sequenceNumber': 117}, {'id': 281, 'market': 'N', 'countryCode': 'CA', 'network': 'TVAS', 'sequenceNumber': 120}, {'id': 322, 'market': 'H', 'countryCode': 'US', 'network': 'NBCSP', 'sequenceNumber': 389}]",https://www.ticketmaster.com/event/300064EEEEA3E165?brand=nhl&wt.mc_id=NHL_LEAGUE_PHI_SCHED_PG_GM3&utm_source=NHL.com&utm_medium=client&utm_campaign=NHL_LEAGUE_PHI&utm_content=SCHED_PG_GM3,https://www.ticketmaster.com/event/300064EEEEA3E165?brand=nhl&wt.mc_id=NHL_LEAGUE_PHI_SCHED_PG_GM3&utm_source=NHL.com&utm_medium=client&utm_campaign=NHL_LEAGUE_PHI&utm_content=SCHED_PG_GM3,/gamecenter/car-vs-phi/2026/10/11/2026020086,Xfinity Mobile Arena,12,Hurricanes,Carolina,Carolina,de la Caroline,CAR,https://assets.nhle.com/logos/nhl/svg/CAR_light.svg,https://assets.nhle.com/logos/nhl/svg/CAR_dark.svg,False,https://d2igy0yla8zi0u.cloudfront.net/CAR/20262027/CAR-radio.m3u8,4,Flyers,Philadelphia,Philadelphia,de Philadelphie,PHI,https://assets.nhle.com/logos/nhl/svg/PHI_light.svg,https://assets.nhle.com/logos/nhl/svg/PHI_dark.svg,False,https://d2igy0yla8zi0u.cloudfront.net/PHI/20262027/PHI-radio.m3u8,1,REG,3,Caroline,,,,Philadelphie,
2026-10-12,2026020087,20262027,2,False,2026-10-12T17:00:00Z,-04:00,-04:00,America/New_York,FUT,OK,"[{'id': 282, 'market': 'N', 'countryCode': 'CA', 'network': 'SN', 'sequenceNumber': 107}, {'id': 281, 'market': 'N', 'countryCode': 'CA', 'network': 'TVAS', 'sequenceNumber': 120}, {'id': 28, 'market': 'H', 'countryCode': 'US', 'network': 'MSG-B', 'sequenceNumber': 392}, {'id': 521, 'market': 'A', 'countryCode': 'US', 'network': 'SCRIPPS', 'sequenceNumber': 657}]",https://www.ticketmaster.com/event/000064EFCB1E7FCB?brand=nhl&wt.mc_id=NHL_LEAGUE_BUF_SCHED_PG_GM5&utm_source=NHL.com&utm_medium=client&utm_campaign=NHL_LEAGUE_BUF&utm_content=SCHED_PG_GM5,https://www.ticketmaster.com/event/000064EFCB1E7FCB?brand=nhl&wt.mc_id=NHL_LEAGUE_BUF_SCHED_PG_GM5&utm_source=NHL.com&utm_medium=client&utm_campaign=NHL_LEAGUE_BUF&utm_content=SCHED_PG_GM5,/gamecenter/fla-vs-buf/2026/10/12/2026020087,KeyBank Center,13,Panthers,Florida,Florida,de la Floride,FLA,https://assets.nhle.com/logos/nhl/svg/FLA_light.svg,https://assets.nhle.com/logos/nhl/svg/FLA_dark.svg,False,https://d2igy0yla8zi0u.cloudfront.net/FLA/20262027/FLA-radio.m3u8,7,Sabres,Buffalo,Buffalo,de Buffalo,BUF,https://assets.nhle.com/logos/nhl/svg/BUF_light.svg,https://assets.nhle.com/logos/nhl/svg/BUF_dark.svg,False,https://d2igy0yla8zi0u.cloudfront.net/BUF/20262027/BUF-radio.m3u8,1,REG,3,Floride,,,,,
2026-10-12,2026020088,20262027,2,False,2026-10-12T23:00:00Z,-04:00,-04:00,US/Eastern,FUT,OK,"[{'id': 324, 'market': 'N', 'countryCode': 'US', 'network': 'NHLN', 'sequenceNumber': 35}, {'id': 549, 'market': 'N', 'countryCode': 'CA', 'network': 'SN+', 'sequenceNumber': 117}, {'id': 281, 'market': 'N', 'countryCode': 'CA', 'network': 'TVAS', 'sequenceNumber': 120}, {'id': 409, 'market': 'H', 'countryCode': 'US', 'network': 'MSGSN', 'sequenceNumber': 411}]",https://www.ticketmaster.com/event/020064F0919A9C6C?brand=nhl&wt.mc_id=NHL_LEAGUE_NJD_SCHED_PG_GM4&utm_source=NHL.com&utm_medium=client&utm_campaign=NHL_LEAGUE_NJD&utm_content=SCHED_PG_GM4,https://www.ticketmaster.com/event/020064F0919A9C6C?brand=nhl&wt.mc_id=NHL_LEAGUE_NJD_SCHED_PG_GM4&utm_source=NHL.com&utm_medium=client&utm_campaign=NHL_LEAGUE_NJD&utm_content=SCHED_PG_GM4,/gamecenter/ott-vs-njd/2026/10/12/2026020088,Prudential Center,9,Senators,Ottawa,Ottawa,d'Ottawa,OTT,https://assets.nhle.com/logos/nhl/svg/OTT_light.svg,https://assets.nhle.com/logos/nhl/svg/OTT_dark.svg,False,https://d2igy0yla8zi0u.cloudfront.net/OTT/20262027/OTT-radio.m3u8,1,Devils,New Jersey,New Jersey,du New Jersey,NJD,https://assets.nhle.com/logos/nhl/svg/NJD_light.svg,https://assets.nhle.com/logos/nhl/svg/NJD_dark.svg,False,https://d2igy0yla8zi0u.cloudfront.net/NJD/20262027/NJD-radio.m3u8,1,REG,3,,Sénateurs,,,,
2026-10-12,2026020089,20262027,2,False,2026-10-13T00:00:00Z,-04:00,-05:00,US/Central,FUT,OK,"[{'id': 648, 'market': 'H', 'countryCode': 'US', 'network': 'MINNHL', 'sequenceNumber': 1}, {'id': 758, 'market': 'H', 'countryCode': 'US', 'network': 'Wild+', 'sequenceNumber': 1}, {'id': 521, 'market': 'A', 'countryCode': 'US', 'network': 'SCRIPPS', 'sequenceNumber': 657}]",https://mnwild.co/ygrk06r2,https://mnwild.co/ygrk06r2,/gamecenter/vgk-vs-min/2026/10/12/2026020089,Grand Casino Arena,54,Golden Knights,Vegas,Vegas,de Vegas,VGK,https://assets.nhle.com/logos/nhl/svg/VGK_light.svg,https://assets.nhle.com/logos/nhl/svg/VGK_dark.svg,False,https://d2igy0yla8zi0u.cloudfront.net/VGK/20262027/VGK-radio.m3u8,30,Wild,Minnesota,Minnesota,du Minnesota,MIN,https://assets.nhle.com/logos/nhl/svg/MIN_light.svg,https://assets.nhle.com/logos/nhl/svg/MIN_dark.svg,False,https://d2igy0yla8zi0u.cloudfront.net/MIN/20262027/MIN-radio.m3u8,1,REG,3,,,,,,
