sport,league,game_date,game_time,game_id,away_team,home_team,market_type,bet_side,line,take_bet,dk_odds_american,dk_odds_decimal,model_prob,my_model_prob,edge,ev,kelly,selected_provider_id,selected_provider_name,odds_source,pulled_at,drat_home_win_prob,drat_exp_margin,drat_exp_total,sdv_home_win_prob,sdv_exp_margin,sdv_exp_total,prob_disagreement,margin_disagreement,total_disagreement,prob_disagreement_threshold_p75_prior,margin_disagreement_threshold_p75_prior,total_disagreement_threshold_p75_prior,high_prob_disagreement_flag,high_margin_disagreement_flag,high_total_disagreement_flag,ensemble_train_rows,weighted_prob_drat_weight,weighted_margin_drat_weight,weighted_total_drat_weight,weighted_home_win_prob,weighted_exp_margin,weighted_exp_total,meta_home_win_prob,meta_exp_margin,meta_exp_total,my_model_home_prob_moneyline,my_model_away_prob_moneyline,my_model_home_prob_puck_line,my_model_away_prob_puck_line,my_model_over_prob_total,my_model_under_prob_total,secondary_history_max_game_date,secondary_model_status,secondary_signal_version,secondary_challenger_support,secondary_derived_model,secondary_derived_support,secondary_decision
hockey,nhl,2026_10_01,19:00,2026020009,Philadelphia Flyers,New Jersey Devils,puck_line,away,1.5,away_puck_line,-192.0,1.52,0.7477397931493471,0.7348398171755541,0.0898450563072418,0.1365644855870076,0.2626240107442455,100,DraftKings,espn,2026-10-01T04:37:13.564114-04:00,0.584,0.9000000000000004,5.58,,,,,,,,,,,,,,,,,,,,,,,,,,,,,,sdv_unavailable,P6-production-v1,unavailable,meta,unavailable,fallback_primary:sdv_unavailable
hockey,nhl,2026_10_01,19:00,2026020009,Philadelphia Flyers,New Jersey Devils,total,under,5.5,under_total,105.0,2.05,0.5224951874317046,0.44968759078600606,0.0346903093829241,0.0711151342349944,0.0677286992714232,100,DraftKings,espn,2026-10-01T04:37:13.564114-04:00,0.584,0.9000000000000004,5.58,,,,,,,,,,,,,,,,,,,,,,,,,,,,,,sdv_unavailable,P6-production-v1,unavailable,meta,unavailable,fallback_primary:sdv_unavailable
hockey,nhl,2026_10_01,19:00,2026020010,Tampa Bay Lightning,New York Rangers,puck_line,home,1.5,home_puck_line,-218.0,1.45,0.7707952394877223,0.6358664204149524,0.0811400670739291,0.1176530972571974,0.2614513272382164,100,DraftKings,espn,2026-10-01T04:37:13.564114-04:00,0.428,-0.77,6.03,,,,,,,,,,,,,,,,,,,,,,,,,,,,,,sdv_unavailable,P6-production-v1,unavailable,meta,unavailable,fallback_primary:sdv_unavailable
hockey,nhl,2026_10_01,19:00,2026020011,Buffalo Sabres,Columbus Blue Jackets,moneyline,away,,away_moneyline,-108.0,1.92,0.5320173066522444,0.46332210752101033,0.011183973318911,0.0214732287723093,0.0233404660568579,100,DraftKings,espn,2026-10-01T04:37:13.564114-04:00,0.509,0.0899999999999998,6.21,,,,,,,,,,,,,,,,,,,,,,,,,,,,,,sdv_unavailable,P6-production-v1,unavailable,weighted,unavailable,fallback_primary:sdv_unavailable
hockey,nhl,2026_10_01,20:00,2026020012,Minnesota Wild,Nashville Predators,puck_line,home,1.5,home_puck_line,-218.0,1.45,0.7595498978365796,0.6831845451106016,0.0698947254227864,0.1013473518630403,0.2252163374734229,100,DraftKings,espn,2026-10-01T04:37:13.564114-04:00,0.42,-0.8600000000000003,6.12,,,,,,,,,,,,,,,,,,,,,,,,,,,,,,sdv_unavailable,P6-production-v1,unavailable,meta,unavailable,fallback_primary:sdv_unavailable
hockey,nhl,2026_10_01,21:30,2026020013,Chicago Blackhawks,Utah Mammoth,moneyline,away,,away_moneyline,180.0,2.8,0.3968237822484878,0.2910880150903111,0.0396809251056306,0.1111065902957657,0.0617258834976476,100,DraftKings,espn,2026-10-01T04:37:13.564114-04:00,0.651,1.21,6.03,,,,,,,,,,,,,,,,,,,,,,,,,,,,,,sdv_unavailable,P6-production-v1,unavailable,weighted,unavailable,fallback_primary:sdv_unavailable
hockey,nhl,2026_10_01,21:30,2026020013,Chicago Blackhawks,Utah Mammoth,puck_line,away,1.5,away_puck_line,-142.0,1.7,0.7039075016578923,0.5237217278604589,0.1156722075402452,0.1966427528184169,0.2809182183120241,100,DraftKings,espn,2026-10-01T04:37:13.564114-04:00,0.651,1.21,6.03,,,,,,,,,,,,,,,,,,,,,,,,,,,,,,sdv_unavailable,P6-production-v1,unavailable,meta,unavailable,fallback_primary:sdv_unavailable
hockey,nhl,2026_10_01,22:00,2026020015,Edmonton Oilers,Vancouver Canucks,moneyline,away,,away_moneyline,-205.0,1.48,0.7653444889192327,0.47515497933648576,0.089668813243557,0.1327098436004643,0.2764788408343007,100,DraftKings,espn,2026-10-01T04:37:13.564114-04:00,0.294,-1.4000000000000004,6.58,,,,,,,,,,,,,,,,,,,,,,,,,,,,,,sdv_unavailable,P6-production-v1,unavailable,weighted,unavailable,fallback_primary:sdv_unavailable
hockey,nhl,2026_10_01,22:00,2026020015,Edmonton Oilers,Vancouver Canucks,puck_line,home,1.5,home_puck_line,-130.0,1.76,0.6892448734419775,0.7536210853219174,0.1210630552601592,0.2130709772578805,0.2803565490235268,100,DraftKings,espn,2026-10-01T04:37:13.564114-04:00,0.294,-1.4000000000000004,6.58,,,,,,,,,,,,,,,,,,,,,,,,,,,,,,sdv_unavailable,P6-production-v1,unavailable,meta,unavailable,fallback_primary:sdv_unavailable
hockey,nhl,2026_10_01,22:00,2026020016,Florida Panthers,San Jose Sharks,moneyline,away,,away_moneyline,-142.0,1.7,0.5918952134526811,0.5423707012501787,0.003659919335034,0.0062218628695578,0.0088883755279399,100,DraftKings,espn,2026-10-01T04:37:13.564114-04:00,0.406,-1.0,6.32,,,,,,,,,,,,,,,,,,,,,,,,,,,,,,sdv_unavailable,P6-production-v1,unavailable,weighted,unavailable,fallback_primary:sdv_unavailable
hockey,nhl,2026_10_01,22:00,2026020016,Florida Panthers,San Jose Sharks,puck_line,home,1.5,home_puck_line,-205.0,1.48,0.7413713044578998,0.6999282767279424,0.0656956287822241,0.0972295305976915,0.2025615220785243,100,DraftKings,espn,2026-10-01T04:37:13.564114-04:00,0.406,-1.0,6.32,,,,,,,,,,,,,,,,,,,,,,,,,,,,,,sdv_unavailable,P6-production-v1,unavailable,meta,unavailable,fallback_primary:sdv_unavailable
hockey,nhl,2026_10_01,22:00,2026020016,Florida Panthers,San Jose Sharks,total,under,6.5,under_total,-120.0,1.83,0.5478754587737708,0.5958061819157263,0.0014273713420768,0.0026120895560004,0.003147095850603,100,DraftKings,espn,2026-10-01T04:37:13.564114-04:00,0.406,-1.0,6.32,,,,,,,,,,,,,,,,,,,,,,,,,,,,,,sdv_unavailable,P6-production-v1,unavailable,meta,unavailable,fallback_primary:sdv_unavailable
