game_id,sportsbook_event_id,sport,league,game_date,game_time,home_team,away_team,home_dk_moneyline_american,away_dk_moneyline_american,home_puck_line,away_puck_line,total,home_dk_puck_line_american,away_dk_puck_line_american,dk_total_over_american,dk_total_under_american,home_dk_moneyline_decimal,away_dk_moneyline_decimal,home_dk_puck_line_decimal,away_dk_puck_line_decimal,dk_total_over_decimal,dk_total_under_decimal,odds_source,moneyline_provider_id,moneyline_provider_name,puck_line_provider_id,puck_line_provider_name,total_provider_id,total_provider_name,pulled_at
2026020022,401891776,hockey,nhl,2026_10_03,19:00,Buffalo Sabres,Chicago Blackhawks,-230,+190,-1.5,1.5,6.5,+110,-130,+105,-125,1.43,2.9,2.1,1.76,2.05,1.8,espn,100,DraftKings,100,DraftKings,100,DraftKings,2026-10-03T04:35:43.628438-04:00
2026020023,401892434,hockey,nhl,2026_10_03,19:00,Toronto Maple Leafs,Ottawa Senators,-120,+100,-1.5,1.5,6.5,+210,-258,+105,-125,1.83,2,3.1,1.38,2.05,1.8,espn,100,DraftKings,100,DraftKings,100,DraftKings,2026-10-03T04:35:43.628438-04:00
2026020024,401891826,hockey,nhl,2026_10_03,19:00,Tampa Bay Lightning,Washington Capitals,-162,+136,-1.5,1.5,6.5,+150,-180,+110,-130,1.61,2.36,2.5,1.55,2.1,1.76,espn,100,DraftKings,100,DraftKings,100,DraftKings,2026-10-03T04:35:43.628438-04:00
2026020025,401892435,hockey,nhl,2026_10_03,19:00,Philadelphia Flyers,Carolina Hurricanes,+110,-130,1.5,-1.5,5.5,-230,+190,-135,+114,2.1,1.76,1.43,2.9,1.74,2.14,espn,100,DraftKings,100,DraftKings,100,DraftKings,2026-10-03T04:35:43.628438-04:00
2026020026,401891822,hockey,nhl,2026_10_03,19:00,Pittsburgh Penguins,Montreal Canadiens,+110,-130,1.5,-1.5,6.5,-230,+190,-102,-118,2.1,1.76,1.43,2.9,1.98,1.84,espn,100,DraftKings,100,DraftKings,100,DraftKings,2026-10-03T04:35:43.628438-04:00
2026020027,401892436,hockey,nhl,2026_10_03,19:00,Columbus Blue Jackets,Utah Mammoth,-108,-112,1.5,-1.5,6.5,-285,+230,+114,-135,1.92,1.89,1.35,3.3,2.14,1.74,espn,100,DraftKings,100,DraftKings,100,DraftKings,2026-10-03T04:35:43.628438-04:00
2026020028,401892437,hockey,nhl,2026_10_03,19:00,Edmonton Oilers,Seattle Kraken,-218,+180,-1.5,1.5,6.5,+120,-142,-108,-112,1.45,2.8,2.2,1.7,1.92,1.89,espn,100,DraftKings,100,DraftKings,100,DraftKings,2026-10-03T04:35:43.628438-04:00
2026020029,401891818,hockey,nhl,2026_10_03,19:30,New York Islanders,New Jersey Devils,+114,-135,1.5,-1.5,5.5,-238,+195,-130,+110,2.14,1.74,1.42,2.95,1.76,2.1,espn,100,DraftKings,100,DraftKings,100,DraftKings,2026-10-03T04:35:43.628438-04:00
2026020030,401892438,hockey,nhl,2026_10_03,20:00,Nashville Predators,Dallas Stars,+110,-130,1.5,-1.5,6.5,-225,+185,+114,-135,2.1,1.76,1.44,2.85,2.14,1.74,espn,100,DraftKings,100,DraftKings,100,DraftKings,2026-10-03T04:35:43.628438-04:00
2026020031,401891814,hockey,nhl,2026_10_03,20:00,Minnesota Wild,Boston Bruins,-192,+160,-1.5,1.5,6.5,+130,-155,+114,-135,1.52,2.6,2.3,1.64,2.14,1.74,espn,100,DraftKings,100,DraftKings,100,DraftKings,2026-10-03T04:35:43.628438-04:00
2026020032,401892439,hockey,nhl,2026_10_03,21:00,Colorado Avalanche,St Louis Blues,-298,+240,-1.5,1.5,6.5,-115,-105,+105,-125,1.33,3.4,1.86,1.95,2.05,1.8,espn,100,DraftKings,100,DraftKings,100,DraftKings,2026-10-03T04:35:43.628438-04:00
2026020033,401892440,hockey,nhl,2026_10_03,22:00,Vancouver Canucks,Calgary Flames,-110,-110,-1.5,1.5,6.5,+215,-265,+105,-125,1.9,1.9,3.15,1.37,2.05,1.8,espn,100,DraftKings,100,DraftKings,100,DraftKings,2026-10-03T04:35:43.628438-04:00
2026020034,401892441,hockey,nhl,2026_10_03,22:00,San Jose Sharks,Los Angeles Kings,-120,+100,-1.5,1.5,6.5,+215,-265,+110,-130,1.83,2,3.15,1.37,2.1,1.76,espn,100,DraftKings,100,DraftKings,100,DraftKings,2026-10-03T04:35:43.628438-04:00
