team,game_date,previous_game_date,days_rest,back_to_back,games_in_4_days,three_in_four,games_in_6_days,four_in_six,games_in_7_days
BUF,2026-10-01,2026-09-26,5,False,1,False,2,False,2
CBJ,2026-10-01,2026-09-26,5,False,1,False,2,False,2
CGY,2026-10-01,2026-09-26,5,False,1,False,2,False,2
CHI,2026-10-01,2026-09-29,2,False,2,False,3,False,3
EDM,2026-10-01,2026-09-29,2,False,2,False,3,False,3
FLA,2026-10-01,2026-09-29,2,False,2,False,3,False,3
MIN,2026-10-01,2026-09-25,6,False,1,False,1,False,2
NJD,2026-10-01,2026-09-26,5,False,1,False,2,False,2
NSH,2026-10-01,2026-09-26,5,False,1,False,2,False,2
NYR,2026-10-01,2026-09-29,2,False,2,False,2,False,3
PHI,2026-10-01,2026-09-30,1,True,2,False,3,False,3
SEA,2026-10-01,2026-09-26,5,False,1,False,2,False,2
SJS,2026-10-01,2026-09-26,5,False,1,False,2,False,2
