sport,league,game_date,game_id,away_team,home_team,away_score,home_score,total_score,away_puck_line_result,home_puck_line_result
hockey,nhl,2026_10_03,2026020022,Blackhawks,Sabres,3,4,7,-1,1
hockey,nhl,2026_10_03,2026020023,Senators,Maple Leafs,3,2,5,1,-1
hockey,nhl,2026_10_03,2026020024,Capitals,Lightning,1,3,4,-2,2
hockey,nhl,2026_10_03,2026020025,Hurricanes,Flyers,3,2,5,1,-1
hockey,nhl,2026_10_03,2026020026,Canadiens,Penguins,5,6,11,-1,1
hockey,nhl,2026_10_03,2026020027,Mammoth,Blue Jackets,4,1,5,3,-3
hockey,nhl,2026_10_03,2026020028,Kraken,Oilers,1,3,4,-2,2
hockey,nhl,2026_10_03,2026020029,Devils,Islanders,0,6,6,-6,6
hockey,nhl,2026_10_03,2026020030,Stars,Predators,1,2,3,-1,1
hockey,nhl,2026_10_03,2026020031,Bruins,Wild,1,4,5,-3,3
hockey,nhl,2026_10_03,2026020032,Blues,Avalanche,1,6,7,-5,5
hockey,nhl,2026_10_03,2026020033,Flames,Canucks,1,4,5,-3,3
hockey,nhl,2026_10_03,2026020034,Kings,Sharks,4,5,9,-1,1
