position_group,id,headshot,sweater_number,position_code,shoots_catches,height_in_inches,weight_in_pounds,height_in_centimeters,weight_in_kilograms,birth_date,birth_country,first_name_default,last_name_default,birth_city_default,birth_state_province_default,last_name_cs,last_name_fi,last_name_sk,last_name_sv,birth_city_cs,birth_city_fi,birth_city_sk,birth_city_sv,first_name_fr,birth_city_fr,first_name_cs,first_name_fi,first_name_sk,birth_city_de,first_name_de,first_name_es,first_name_sv
forwards,8482145,https://assets.nhle.com/mugs/nhl/20262027/NSH/8482145.png,22,C,R,71,187,180,85,2002-01-08,CAN,Mavrik,Bourque,Plessisville,QC,,,,,,,,,,,,,,,,,
forwards,8479525,https://assets.nhle.com/mugs/nhl/20262027/NSH/8479525.png,79,C,L,72,194,183,88,1996-09-11,USA,Ross,Colton,Robbinsville,NJ,,,,,,,,,,,,,,,,,
forwards,8480835,https://assets.nhle.com/mugs/nhl/20262027/NSH/8480835.png,18,C,L,71,186,180,84,2000-02-03,USA,Jack,Drury,New York,NY,,,,,,,,,,,,,,,,,
forwards,8481726,https://assets.nhle.com/mugs/nhl/20262027/NSH/8481726.png,84,C,L,79,232,201,105,2000-10-12,SWE,Adam,Edstrom,Karlstad,,Edström,Edström,Edström,Edström,,,,,,,,,,,,,
forwards,8476887,https://assets.nhle.com/mugs/nhl/20262027/NSH/8476887.png,9,L,R,73,205,185,93,1994-08-13,SWE,Filip,Forsberg,Ostervala,,,,,,Östervala,Östervala,Östervala,Östervåla,,,,,,,,,
forwards,8481535,https://assets.nhle.com/mugs/nhl/20262027/NSH/8481535.png,21,L,L,69,185,175,84,2000-12-20,SWE,Nils,Hoglander,Bockträsk,,Höglander,Höglander,Höglander,Höglander,,,,,,,,,,,,,
forwards,8477021,https://assets.nhle.com/mugs/nhl/20262027/NSH/8477021.png,14,C,L,71,185,180,84,1994-08-11,CAN,Alexander,Kerfoot,Vancouver,BC,,,,,,,,,Alex,,,,,,,,
forwards,8476539,https://assets.nhle.com/mugs/nhl/20262027/NSH/8476539.png,81,C,R,69,185,175,84,1990-12-27,CAN,Jonathan,Marchessault,Cap-Rouge,QC,,,,,,,,,,,,,,,,,
forwards,8475158,https://assets.nhle.com/mugs/nhl/20262027/NSH/8475158.png,90,C,L,73,207,185,94,1991-02-07,CAN,Ryan,O'Reilly,Clinton,ON,,,,,,,,,,,,,,,,,
forwards,8483513,https://assets.nhle.com/mugs/nhl/20262027/NSH/8483513.png,49,L,L,77,226,196,103,2003-09-21,CAN,Reid,Schaefer,Edmonton,AB,,,,,,,,,,,,,,,,,
forwards,8474564,https://assets.nhle.com/mugs/nhl/20262027/NSH/8474564.png,91,C,R,73,193,185,88,1990-02-07,CAN,Steven,Stamkos,Markham,ON,,,,,,,,,,,,,,,,,
forwards,8484241,https://assets.nhle.com/mugs/nhl/20262027/NSH/8484241.png,71,R,R,76,202,193,92,2005-02-06,CAN,Matthew,Wood,Nanaimo,BC,,,,,,,,,,,,,,,,,
defensemen,8482072,https://assets.nhle.com/mugs/nhl/20262027/NSH/8482072.png,47,D,L,68,180,173,82,1997-05-18,USA,Jack,Ahcan,Savage,MN,,,,,,,,,,,,,,,,,
defensemen,8479980,https://assets.nhle.com/mugs/nhl/20262027/NSH/8479980.png,41,D,L,78,245,198,111,1998-12-05,CAN,Nicolas,Hague,Kitchener,ON,,,,,,,,,,,,,,,,,
defensemen,8474600,https://assets.nhle.com/mugs/nhl/20262027/NSH/8474600.png,59,D,L,73,201,185,91,1990-06-01,CHE,Roman,Josi,Bern,,,,,,,,,,,Berne,,,,,,,
defensemen,8480950,https://assets.nhle.com/mugs/nhl/20262027/NSH/8480950.png,46,D,R,74,206,188,93,1994-04-06,RUS,Ilya,Lyubushkin,Moscow,,Ljubuškin,Ljubushkin,Ljubuškin,,Moskva,Moskova,Moskva,Moskva,,Moscou,Ilja,Ilja,Iľja,Moskau,,,
defensemen,8480246,https://assets.nhle.com/mugs/nhl/20262027/NSH/8480246.png,48,D,R,76,206,193,93,1998-06-15,USA,Nick,Perbix,Elk River,MN,,,,,,,,,,,Nicklaus,Nicklaus,Nicklaus,,Nicklaus,Nicklaus,Nicklaus
defensemen,8476869,https://assets.nhle.com/mugs/nhl/20262027/NSH/8476869.png,76,D,L,75,210,191,95,1994-03-26,USA,Brady,Skjei,Lakeville,MN,,,,,,,,,,,,,,,,,
defensemen,8482806,https://assets.nhle.com/mugs/nhl/20262027/NSH/8482806.png,85,D,L,71,200,180,91,2002-10-11,CAN,William,Trudeau,Varennes,QC,,,,,,,,,,,,,,,,,
defensemen,8482482,https://assets.nhle.com/mugs/nhl/20262027/NSH/8482482.png,2,D,L,73,188,185,85,2000-08-07,SWE,Adam,Wilsby,Stockholm,,,,,,,Tukholma,,,,,,,,,,,
goalies,8481020,https://assets.nhle.com/mugs/nhl/20262027/NSH/8481020.png,29,G,L,76,210,193,95,2000-03-11,FIN,Justus,Annunen,Kempele,,,,,,,,,,,,,,,,,,
goalies,8477424,https://assets.nhle.com/mugs/nhl/20262027/NSH/8477424.png,74,G,L,71,180,180,82,1995-04-19,FIN,Juuse,Saros,Forssa,,,,,,,,,,,,,,,,,,
