position_group,id,headshot,sweater_number,position_code,shoots_catches,height_in_inches,weight_in_pounds,height_in_centimeters,weight_in_kilograms,birth_date,birth_country,first_name_default,last_name_default,birth_city_default,birth_state_province_default,birth_city_fi,birth_city_sv,birth_city_cs,birth_city_de,birth_city_fr,birth_city_sk
forwards,8478891,https://assets.nhle.com/mugs/nhl/20262027/DET/8478891.png,22,C,R,74,193,188,88,1996-01-15,USA,Mason,Appleton,Green Bay,WI,,,,,,
forwards,8478042,https://assets.nhle.com/mugs/nhl/20262027/DET/8478042.png,33,L,R,70,181,178,82,1993-04-08,SWE,Viktor,Arvidsson,Skelleftea,,Skellefteå,Skellefteå,,,,
forwards,8484794,https://assets.nhle.com/mugs/nhl/20262027/DET/8484794.png,28,R,R,73,205,185,93,2005-10-05,NOR,Michael,Brandsegg-Nygård,Oslo,,,,,,,
forwards,8477456,https://assets.nhle.com/mugs/nhl/20262027/DET/8477456.png,37,L,R,72,192,183,87,1995-04-08,USA,J.T.,Compher,Northbrook,IL,,,,,,
forwards,8477429,https://assets.nhle.com/mugs/nhl/20262027/DET/8477429.png,18,C,L,73,200,185,91,1994-07-08,USA,Andrew,Copp,Ann Arbor,MI,,,,,,
forwards,8484160,https://assets.nhle.com/mugs/nhl/20262027/DET/8484160.png,29,C,R,74,196,188,89,2004-09-27,CAN,Nate,Danielson,Red Deer,AB,,,,,,
forwards,8479337,https://assets.nhle.com/mugs/nhl/20262027/DET/8479337.png,93,R,R,68,177,173,80,1997-12-18,USA,Alex,DeBrincat,Farmington Hills,MI,,,,,,
forwards,8484471,https://assets.nhle.com/mugs/nhl/20262027/DET/8484471.png,58,C,L,74,196,188,89,2005-06-27,CAN,Emmitt,Finnie,Lethbridge,AB,,,,,,
forwards,8483464,https://assets.nhle.com/mugs/nhl/20262027/DET/8483464.png,92,C,L,73,203,185,92,2004-04-08,AUT,Marco,Kasper,Innsbruck,,,,,,,
forwards,8478434,https://assets.nhle.com/mugs/nhl/20262027/DET/8478434.png,55,R,R,74,218,188,99,1997-04-08,CAN,Keegan,Kolesar,Brandon,MB,,,,,,
forwards,8477946,https://assets.nhle.com/mugs/nhl/20262027/DET/8477946.png,71,C,L,73,198,185,90,1996-07-30,USA,Dylan,Larkin,Waterford,MI,,,,,,
forwards,8482802,https://assets.nhle.com/mugs/nhl/20262027/DET/8482802.png,34,L,R,73,200,185,91,2002-03-28,USA,Carter,Mazur,Jackson,MI,,,,,,
forwards,8479992,https://assets.nhle.com/mugs/nhl/20262027/DET/8479992.png,27,C,L,78,220,198,100,1999-04-17,CAN,Michael,Rasmussen,Surrey,BC,,,,,,
forwards,8482078,https://assets.nhle.com/mugs/nhl/20262027/DET/8482078.png,23,L,R,71,188,180,85,2002-03-28,SWE,Lucas,Raymond,Gothenburg,,Göteborg,Göteborg,Göteborg,Göteborg,Göteborg,Göteborg
defensemen,8480879,https://assets.nhle.com/mugs/nhl/20262027/DET/8480879.png,25,D,R,73,190,185,86,2000-06-30,CAN,Jacob,Bernard-Docker,Canmore,AB,,,,,,
defensemen,8475279,https://assets.nhle.com/mugs/nhl/20262027/DET/8475279.png,8,D,L,75,224,191,102,1991-05-09,CAN,Ben,Chiarot,Hamilton,ON,,,,,,
defensemen,8477971,https://assets.nhle.com/mugs/nhl/20262027/DET/8477971.png,24,D,L,76,200,193,91,1996-01-21,SWE,Andreas,Englund,Stockholm,,Tukholma,,,,,
defensemen,8475753,https://assets.nhle.com/mugs/nhl/20262027/DET/8475753.png,72,D,R,72,209,183,95,1992-03-20,USA,Justin,Faulk,South St. Paul,MN,,,,,,
defensemen,8481607,https://assets.nhle.com/mugs/nhl/20262027/DET/8481607.png,20,D,L,72,200,183,91,2001-01-04,SWE,Albert,Johansson,Karlstad,,,,,,,
defensemen,8483679,https://assets.nhle.com/mugs/nhl/20262027/DET/8483679.png,42,D,R,76,203,193,92,2004-06-10,SWE,Anton,Johansson,Stockholm,,Tukholma,,,,,
defensemen,8484223,https://assets.nhle.com/mugs/nhl/20262027/DET/8484223.png,44,D,R,72,189,183,86,2005-03-11,SWE,Axel,Sandin-Pellikka,Gallivare,,Jällivaara,Gällivare,Gällivare,,,Gällivare
defensemen,8481542,https://assets.nhle.com/mugs/nhl/20262027/DET/8481542.png,53,D,R,76,211,193,96,2001-04-06,DEU,Moritz,Seider,Zell,,,,,,,
defensemen,8482171,https://assets.nhle.com/mugs/nhl/20262027/DET/8482171.png,54,D,L,77,210,196,95,2002-07-28,SWE,William,Wallinder,Solleftea,,Sollefteå,Sollefteå,,,,
goalies,8476434,https://assets.nhle.com/mugs/nhl/20262027/DET/8476434.png,36,G,L,75,209,191,95,1993-07-14,USA,John,Gibson,Pittsburgh,PA,,,,,,
goalies,8480193,https://assets.nhle.com/mugs/nhl/20262027/DET/8480193.png,80,G,L,77,204,196,93,1999-03-27,RUS,Daniil,Tarasov,Novokuznetsk,,,,Novokuzněck,,,Novokuzněck
