position_group,id,headshot,sweater_number,position_code,shoots_catches,height_in_inches,weight_in_pounds,height_in_centimeters,weight_in_kilograms,birth_date,birth_country,first_name_default,last_name_default,birth_city_default,birth_city_cs,birth_city_fi,birth_city_sk,birth_city_sv,birth_state_province_default,birth_city_fr,last_name_cs,last_name_sk,first_name_cs,first_name_fi,first_name_sk,last_name_fi,birth_city_de,first_name_de,first_name_es,first_name_sv
forwards,8474150,https://assets.nhle.com/mugs/nhl/20262027/CGY/8474150.png,11,C,L,72,206,183,93,1989-03-17,SWE,Mikael,Backlund,Vasteras,Västeras,Västerås,Västeras,Västerås,,,,,,,,,,,,
forwards,8482679,https://assets.nhle.com/mugs/nhl/20262027/CGY/8482679.png,27,R,R,70,183,178,83,2002-11-14,USA,Matt,Coronato,Greenlawn,,,,,NY,,,,,,,,,,,
forwards,8480797,https://assets.nhle.com/mugs/nhl/20262027/CGY/8480797.png,86,L,L,72,186,183,84,2000-02-25,USA,Joel,Farabee,Syracuse,,,,,NY,,,,,,,,,,,
forwards,8480028,https://assets.nhle.com/mugs/nhl/20262027/CGY/8480028.png,16,C,L,72,193,183,88,1999-05-14,CAN,Morgan,Frost,Aurora,,,,,ON,,,,,,,,,,,
forwards,8484860,https://assets.nhle.com/mugs/nhl/20262027/CGY/8484860.png,92,R,L,73,182,185,83,2006-03-01,RUS,Matvei,Gridin,Kurgan,,,,,,,,,,,,,,,,
forwards,8484180,https://assets.nhle.com/mugs/nhl/20262027/CGY/8484180.png,29,L,L,76,186,193,84,2004-11-12,SVK,Samuel,Honzek,Trencin,Trenčín,Trenčín,Trenčín,,,,,,,,,,,,,
forwards,8476456,https://assets.nhle.com/mugs/nhl/20262027/CGY/8476456.png,10,L,L,73,200,185,91,1993-06-04,CAN,Jonathan,Huberdeau,Saint-Jerome,,,,,QC,Saint-Jérome,,,,,,,,,,
forwards,8483609,https://assets.nhle.com/mugs/nhl/20262027/CGY/8483609.png,43,R,R,80,235,203,107,2000-09-14,CZE,Adam,Klapka,Praha,,,,,,,,,,,,,,,,
forwards,8482747,https://assets.nhle.com/mugs/nhl/20262027/CGY/8482747.png,78,L,L,72,192,183,87,2003-01-05,CAN,Brennan,Othmann,Pickering,,,,,ON,,,,,,,,,,,
forwards,8481028,https://assets.nhle.com/mugs/nhl/20262027/CGY/8481028.png,76,C,L,74,173,188,78,1999-11-19,SVK,Martin,Pospisil,Zvolen,,,,,,,Pospíšil,Pospíšil,,,,,,,,
forwards,8481068,https://assets.nhle.com/mugs/nhl/20262027/CGY/8481068.png,17,C,L,74,196,188,89,1998-06-06,BLR,Yegor,Sharangovich,Minsk,,,,,,,Šarangovič,Šarangovič,Jegor,Jahor,Jegor,Sharanhovitsh,,,,
forwards,8476458,https://assets.nhle.com/mugs/nhl/20262027/CGY/8476458.png,22,C,R,73,192,185,87,1993-07-11,CAN,Ryan,Strome,Mississauga,,,,,ON,,,,,,,,,,,
forwards,8484958,https://assets.nhle.com/mugs/nhl/20262027/CGY/8484958.png,72,R,L,75,203,191,92,1998-09-19,RUS,Maxim,Tsyplakov,Moscow,Moskva,Moskova,Moskva,Moskva,,Moscou,Cyplakov,Cyplakov,,Maksim,,,Moskau,,,
forwards,8482074,https://assets.nhle.com/mugs/nhl/20262027/CGY/8482074.png,47,C,L,72,178,183,81,2001-09-25,CAN,Connor,Zary,Saskatoon,,,,,SK,,,,,,,,,,,
defensemen,8480860,https://assets.nhle.com/mugs/nhl/20262027/CGY/8480860.png,7,D,L,78,230,198,104,2000-06-27,CAN,Kevin,Bahl,New Westminster,,,,,BC,,,,,,,,,,,
defensemen,8477810,https://assets.nhle.com/mugs/nhl/20262027/CGY/8477810.png,44,D,L,71,186,180,84,1991-06-08,CAN,Joel,Hanley,Keswick,,,,,ON,,,,,,,,,,,
defensemen,8482165,https://assets.nhle.com/mugs/nhl/20262027/CGY/8482165.png,37,D,L,76,209,193,95,2002-03-09,RUS,Yan,Kuznetsov,Murmansk,,,,,,,,,,,,,,,,
defensemen,8478136,https://assets.nhle.com/mugs/nhl/20262027/CGY/8478136.png,55,D,L,75,219,191,99,1996-01-02,CAN,Jake,Middleton,Wainwright,,,,,AB,,,,Jacob,Jacob,Jacob,,,Jacob,Jacob,Jacob
defensemen,8483495,https://assets.nhle.com/mugs/nhl/20262027/CGY/8483495.png,71,D,R,73,190,185,86,2004-02-15,SVK,Simon,Nemec,Liptovský Mikuláš,,,,,,,,,Šimon,,Šimon,,,,,
defensemen,8481167,https://assets.nhle.com/mugs/nhl/20262027/CGY/8481167.png,94,D,R,74,202,188,92,1999-08-23,CAN,Brayden,Pachal,Estevan,,,,,SK,,,,,,,,,,,
defensemen,8484768,https://assets.nhle.com/mugs/nhl/20262027/CGY/8484768.png,19,D,R,72,179,183,81,2006-02-15,CAN,Zayne,Parekh,Markham,,,,,ON,,,,,,,,,,,
defensemen,8480727,https://assets.nhle.com/mugs/nhl/20262027/CGY/8480727.png,28,D,R,74,210,188,95,1996-11-28,CAN,Zach,Whitecloud,Brandon,,,,,MB,,,,,,,,,,,
goalies,8482445,https://assets.nhle.com/mugs/nhl/20262027/CGY/8482445.png,1,G,L,77,192,196,87,1997-05-25,USA,Devin,Cooley,Los Gatos,,,,,CA,,,,,,,,,,,
goalies,8481692,https://assets.nhle.com/mugs/nhl/20262027/CGY/8481692.png,32,G,L,72,166,183,75,2001-04-16,USA,Dustin,Wolf,Gilroy,,,,,CA,,,,,,,,,,,
