position_group,id,headshot,sweater_number,position_code,shoots_catches,height_in_inches,weight_in_pounds,height_in_centimeters,weight_in_kilograms,birth_date,birth_country,first_name_default,last_name_default,birth_city_default,birth_state_province_default,first_name_cs,first_name_fi,first_name_sk,last_name_cs,last_name_fi,last_name_sk,birth_city_cs,birth_city_de,birth_city_fi,birth_city_fr,birth_city_sk,birth_city_sv,first_name_de,first_name_es
forwards,8478463,https://assets.nhle.com/mugs/nhl/20262027/WSH/8478463.png,72,R,L,71,185,180,84,1997-06-08,CAN,Anthony,Beauvillier,Sorel-Tracy,QC,,,,,,,,,,,,,,
forwards,8479400,https://assets.nhle.com/mugs/nhl/20262027/WSH/8479400.png,80,C,L,76,220,193,100,1998-06-24,CAN,Pierre-Luc,Dubois,Ste-Agathe-des-Monts,QC,,,,,,,,,,,,,,
forwards,8483573,https://assets.nhle.com/mugs/nhl/20262027/WSH/8483573.png,53,R,R,71,200,180,91,1998-02-05,USA,Ethen,Frank,Aurora,CO,,,,,,,,,,,,,,
forwards,8476432,https://assets.nhle.com/mugs/nhl/20262027/WSH/8476432.png,22,C,L,74,210,188,95,1993-06-15,CAN,Boone,Jenner,Dorchester,ON,,,,,,,,,,,,,,
forwards,8479385,https://assets.nhle.com/mugs/nhl/20262027/WSH/8479385.png,25,R,R,73,190,185,86,1998-05-05,CAN,Jordan,Kyrou,Toronto,ON,,,,,,,,,,,,,,
forwards,8484186,https://assets.nhle.com/mugs/nhl/20262027/WSH/8484186.png,9,R,R,73,205,185,93,2005-01-21,USA,Ryan,Leonard,Northampton,MA,,,,,,,,,,,,,,
forwards,8483491,https://assets.nhle.com/mugs/nhl/20262027/WSH/8483491.png,63,L,R,73,205,185,93,2004-02-04,RUS,Ivan,Miroshnichenko,Ussuriysk,,,,,,,,,,,,,,,
forwards,8471214,https://assets.nhle.com/mugs/nhl/20262027/WSH/8471214.png,8,L,R,75,238,191,108,1985-09-17,RUS,Alex,Ovechkin,Moscow,,Alexandr,Aleksandr,Alexander,Ovečkin,Ovetshkin,Ovečkin,Moskva,Moskau,Moskova,Moscou,Moskva,Moskva,,
forwards,8481656,https://assets.nhle.com/mugs/nhl/20262027/WSH/8481656.png,21,L,L,78,250,198,113,2001-01-06,BLR,Aliaksei,Protas,Vitebsk,,Alexej,Aljaksei,Alexej,,,,,,,,,,Alexei,Alexei
forwards,8484999,https://assets.nhle.com/mugs/nhl/20262027/WSH/8484999.png,62,L,L,78,230,198,104,2006-07-18,BLR,Ilya,Protas,Vitebsk,,,,,,,,,,,,,,,
forwards,8482088,https://assets.nhle.com/mugs/nhl/20262027/WSH/8482088.png,34,C,R,72,200,183,91,2002-03-24,CAN,Justin,Sourdif,Richmond,BC,,,,,,,,,,,,,,
forwards,8478440,https://assets.nhle.com/mugs/nhl/20262027/WSH/8478440.png,17,C,L,76,200,193,91,1997-03-07,CAN,Dylan,Strome,Mississauga,ON,,,,,,,,,,,,,,
forwards,8477949,https://assets.nhle.com/mugs/nhl/20262027/WSH/8477949.png,89,R,R,76,225,193,102,1996-05-10,USA,Alex,Tuch,Syracuse,NY,,,,,,,,,,,,,,
forwards,8476880,https://assets.nhle.com/mugs/nhl/20262027/WSH/8476880.png,43,R,R,76,230,193,104,1994-03-29,CAN,Tom,Wilson,Toronto,ON,,,,,,,,,,,,,,
defensemen,8479345,https://assets.nhle.com/mugs/nhl/20262027/WSH/8479345.png,6,D,L,75,215,191,98,1998-03-31,USA,Jakob,Chychrun,Boca Raton,FL,,,,,,,,,,,,,,
defensemen,8479576,https://assets.nhle.com/mugs/nhl/20262027/WSH/8479576.png,73,D,R,79,230,201,104,1996-05-29,CAN,Vincent,Desharnais,Laval,QC,,,,,,,,,,,,,,
defensemen,8480796,https://assets.nhle.com/mugs/nhl/20262027/WSH/8480796.png,42,D,L,74,215,188,98,1999-10-06,SVK,Martin,Fehérváry,Bratislava,,,,,,,,,,,,,,,
defensemen,8484873,https://assets.nhle.com/mugs/nhl/20262027/WSH/8484873.png,44,D,L,72,180,183,82,2006-06-28,USA,Cole,Hutson,St. Louis,MO,,,,,,,,,,,,,,
defensemen,8480043,https://assets.nhle.com/mugs/nhl/20262027/WSH/8480043.png,27,D,R,73,205,185,93,1999-04-30,SWE,Timothy,Liljegren,Kristianstad,,,,,,,,,,,,,,,
defensemen,8475795,https://assets.nhle.com/mugs/nhl/20262027/WSH/8475795.png,52,D,R,77,245,196,111,1992-04-20,CAN,Dylan,McIlrath,Winnipeg,MB,,,,,,,,,,,,,,
defensemen,8478911,https://assets.nhle.com/mugs/nhl/20262027/WSH/8478911.png,3,D,R,74,220,188,100,1995-03-01,USA,Matt,Roy,Detroit,MI,,,,,,,,,,,,,,
goalies,8479292,https://assets.nhle.com/mugs/nhl/20262027/WSH/8479292.png,79,G,R,74,190,188,86,1993-12-18,USA,Charlie,Lindgren,Lakeville,MN,,,,,,,,,,,,,,
goalies,8480313,https://assets.nhle.com/mugs/nhl/20262027/WSH/8480313.png,48,G,R,76,205,193,93,1997-02-25,CAN,Logan,Thompson,Calgary,AB,,,,,,,,,,,,,,
