position_group,id,headshot,sweater_number,position_code,shoots_catches,height_in_inches,weight_in_pounds,height_in_centimeters,weight_in_kilograms,birth_date,birth_country,first_name_default,last_name_default,birth_city_default,birth_city_cs,birth_city_fi,birth_city_sk,birth_state_province_default,first_name_cs,first_name_fi,first_name_sk,last_name_cs,last_name_fi,last_name_sk,birth_city_sv
forwards,8484388,https://assets.nhle.com/mugs/nhl/20262027/UTA/8484388.png,50,L,R,77,203,196,92,2005-02-15,RUS,Daniil,But,Yaroslavl,Jaroslavl,Jaroslavl,Jaroslavl,,,,,,,,
forwards,8479619,https://assets.nhle.com/mugs/nhl/20262027/UTA/8479619.png,53,L,L,69,182,175,83,1996-05-19,CAN,Michael,Carcone,Ajax,,,,ON,,,,,,,
forwards,8483431,https://assets.nhle.com/mugs/nhl/20262027/UTA/8483431.png,92,C,L,72,191,183,87,2004-05-04,USA,Logan,Cooley,Pittsburgh,,,,PA,,,,,,,
forwards,8478474,https://assets.nhle.com/mugs/nhl/20262027/UTA/8478474.png,67,L,L,76,214,193,97,1997-06-23,CAN,Lawson,Crouse,Mt. Brydges,,,,ON,,,,,,,
forwards,8482699,https://assets.nhle.com/mugs/nhl/20262027/UTA/8482699.png,11,R,R,73,191,185,87,2003-04-10,CAN,Dylan,Guenther,Edmonton,,,,AB,,,,,,,
forwards,8480849,https://assets.nhle.com/mugs/nhl/20262027/UTA/8480849.png,27,C,L,73,200,185,91,2000-06-09,CAN,Barrett,Hayton,Peterborough,,,,ON,,,,,,,
forwards,8479343,https://assets.nhle.com/mugs/nhl/20262027/UTA/8479343.png,9,R,L,70,175,178,79,1998-07-29,USA,Clayton,Keller,Chesterfield,,,,MO,,,,,,,
forwards,8475314,https://assets.nhle.com/mugs/nhl/20262027/UTA/8475314.png,72,L,L,75,234,191,106,1990-07-03,USA,Anders,Lee,Edina,,,,MN,,,,,,,
forwards,8480855,https://assets.nhle.com/mugs/nhl/20262027/UTA/8480855.png,22,C,L,76,219,193,99,2000-01-06,CAN,Jack,McBain,Toronto,,,,ON,,,,,,,
forwards,8477070,https://assets.nhle.com/mugs/nhl/20262027/UTA/8477070.png,38,C,L,73,215,185,98,1994-07-29,CAN,Liam,O'Brien,Halifax,,,,NS,,,,,,,
forwards,8477951,https://assets.nhle.com/mugs/nhl/20262027/UTA/8477951.png,8,C,R,72,184,183,83,1996-02-23,USA,Nick,Schmaltz,Madison,,,,WI,,,,,,,
forwards,8478831,https://assets.nhle.com/mugs/nhl/20262027/UTA/8478831.png,82,C,R,75,213,191,97,1996-09-20,SWE,Kevin,Stenlund,Stockholm,,Tukholma,,,,,,,,,
forwards,8476389,https://assets.nhle.com/mugs/nhl/20262027/UTA/8476389.png,16,C,R,71,187,180,85,1993-07-11,USA,Vincent,Trocheck,Pittsburgh,,,,PA,,,,,,,
forwards,8479977,https://assets.nhle.com/mugs/nhl/20262027/UTA/8479977.png,56,R,R,69,178,175,81,1998-09-29,USA,Kailer,Yamamoto,Spokane,,,,WA,,,,,,,
defensemen,8480084,https://assets.nhle.com/mugs/nhl/20262027/UTA/8480084.png,57,D,R,74,194,188,88,1994-11-21,USA,Nick,DeSimone,East Amherst,,,,NY,,,,,,,
defensemen,8483472,https://assets.nhle.com/mugs/nhl/20262027/UTA/8483472.png,10,D,R,78,196,198,89,2004-01-13,CAN,Maveric,Lamoureux,Laval,,,,QC,,,,,,,
defensemen,8478507,https://assets.nhle.com/mugs/nhl/20262027/UTA/8478507.png,6,D,R,73,200,185,91,1997-05-21,USA,John,Marino,North Easton,,,,MA,,,,,,,
defensemen,8479369,https://assets.nhle.com/mugs/nhl/20262027/UTA/8479369.png,20,D,R,75,214,191,97,1998-03-17,USA,Andrew,Peeke,Parkland,,,,FL,,,,,,,
defensemen,8477220,https://assets.nhle.com/mugs/nhl/20262027/UTA/8477220.png,88,D,L,72,197,183,89,1991-07-16,USA,Nate,Schmidt,St. Cloud,,,,MN,,,,,,,
defensemen,8479410,https://assets.nhle.com/mugs/nhl/20262027/UTA/8479410.png,98,D,L,75,212,191,96,1998-06-25,RUS,Mikhail,Sergachev,Nizhnekamsk,Nižněkamsk,Nižnekamsk,Nižněkamsk,,Michail,Mihail,Michail,Sergačov,Sergatshov,Sergačov,Nizhnekampsk
defensemen,8484386,https://assets.nhle.com/mugs/nhl/20262027/UTA/8484386.png,26,D,L,76,198,193,90,2005-02-04,RUS,Dmitri,Simashev,Kostroma,,,,,,,,,,,
defensemen,8477346,https://assets.nhle.com/mugs/nhl/20262027/UTA/8477346.png,52,D,R,72,206,183,93,1994-01-07,CAN,MacKenzie,Weegar,Ottawa,,,,ON,,,,,,,
goalies,8482657,https://assets.nhle.com/mugs/nhl/20262027/UTA/8482657.png,33,G,L,78,221,198,100,2002-11-21,CAN,Sebastian,Cossa,Hamilton,,,,ON,,,,,,,
goalies,8478872,https://assets.nhle.com/mugs/nhl/20262027/UTA/8478872.png,70,G,R,76,221,193,100,1996-05-25,CZE,Karel,Vejmelka,Trebic,Třebíč,Třebíč ,Třebíč,,,,,,,,
