position_group,id,headshot,sweater_number,position_code,shoots_catches,height_in_inches,weight_in_pounds,height_in_centimeters,weight_in_kilograms,birth_date,birth_country,first_name_default,last_name_default,birth_city_default,birth_state_province_default,last_name_cs,last_name_fi,last_name_sk,last_name_sv,birth_city_cs,birth_city_sk,birth_city_sv
forwards,8484144,https://assets.nhle.com/mugs/nhl/20262027/CHI/8484144.png,98,C,R,70,190,178,86,2005-07-17,CAN,Connor,Bedard,North Vancouver,BC,,,,,,,
forwards,8477479,https://assets.nhle.com/mugs/nhl/20262027/CHI/8477479.png,59,L,L,74,200,188,91,1995-02-24,CAN,Tyler,Bertuzzi,Sudbury,ON,,,,,,,
forwards,8477987,https://assets.nhle.com/mugs/nhl/20262027/CHI/8477987.png,8,C,L,72,190,183,86,1996-04-09,USA,Ryan,Donato,Boston,MA,,,,,,,
forwards,8485391,https://assets.nhle.com/mugs/nhl/20262027/CHI/8485391.png,16,C,L,73,198,185,90,2007-05-07,SWE,Anton,Frondell,Trangsund,,,,,,,,
forwards,8483450,https://assets.nhle.com/mugs/nhl/20262027/CHI/8483450.png,20,C,R,73,195,185,88,2003-10-21,CAN,Ryan,Greene,St. John's,NL,,,,,,,
forwards,8478413,https://assets.nhle.com/mugs/nhl/20262027/CHI/8478413.png,12,L,L,78,231,198,105,1997-02-16,USA,Jordan,Greenway,Canton,NY,,,,,,,
forwards,8474141,https://assets.nhle.com/mugs/nhl/20262027/CHI/8474141.png,88,R,L,70,176,178,80,1988-11-19,USA,Patrick,Kane,Buffalo,NY,,,,,,,
forwards,8484390,https://assets.nhle.com/mugs/nhl/20262027/CHI/8484390.png,80,R,L,69,176,175,80,2004-09-20,RUS,Roman,Kantserov,Magnitogorsk,,,,,,,,
forwards,8484185,https://assets.nhle.com/mugs/nhl/20262027/CHI/8484185.png,76,L,L,71,185,180,84,2005-07-08,CAN,Nick,Lardis,Oakville,ON,,,,,,,
forwards,8478233,https://assets.nhle.com/mugs/nhl/20262027/CHI/8478233.png,26,L,L,70,183,178,83,1996-04-04,CAN,Andrew,Mangiapane,Toronto,ON,,,,,,,
forwards,8484197,https://assets.nhle.com/mugs/nhl/20262027/CHI/8484197.png,11,C,L,71,192,180,87,2005-01-22,USA,Oliver,Moore,Mounds View,MN,,,,,,,
forwards,8483493,https://assets.nhle.com/mugs/nhl/20262027/CHI/8483493.png,91,C,R,70,190,178,86,2004-01-14,USA,Frank,Nazar,Detroit,MI,,,,,,,
forwards,8482062,https://assets.nhle.com/mugs/nhl/20262027/CHI/8482062.png,22,R,L,75,195,191,88,1995-10-28,USA,Cole,Smith,Brainerd,MN,,,,,,,
forwards,8476882,https://assets.nhle.com/mugs/nhl/20262027/CHI/8476882.png,86,C,L,71,191,180,87,1994-09-11,FIN,Teuvo,Teravainen,Helsinki,,Teräväinen,Teräväinen,Teräväinen,Teräväinen,Helsinky,Helsinky,Helsingfors
defensemen,8481524,https://assets.nhle.com/mugs/nhl/20262027/CHI/8481524.png,24,D,L,73,205,185,93,2001-06-13,CAN,Bowen,Byram,Cranbrook,BC,,,,,,,
defensemen,8474013,https://assets.nhle.com/mugs/nhl/20262027/CHI/8474013.png,28,D,L,73,237,185,108,1989-02-21,USA,Ian,Cole,Ann Arbor,MI,,,,,,,
defensemen,8482807,https://assets.nhle.com/mugs/nhl/20262027/CHI/8482807.png,38,D,L,76,210,193,95,2003-01-15,CAN,Ethan,Del Mastro,Burlington,ON,,,,,,,
defensemen,8482176,https://assets.nhle.com/mugs/nhl/20262027/CHI/8482176.png,44,D,L,72,190,183,86,2002-07-31,USA,Wyatt,Kaiser,Andover,MN,,,,,,,
defensemen,8483466,https://assets.nhle.com/mugs/nhl/20262027/CHI/8483466.png,14,D,L,75,198,191,90,2004-06-21,CAN,Kevin,Korchinski,Saskatoon,SK,,,,,,,
defensemen,8484783,https://assets.nhle.com/mugs/nhl/20262027/CHI/8484783.png,55,D,R,74,208,188,94,2005-10-28,BLR,Artyom,Levshunov,Zhlobin,,,,,,,,
defensemen,8483506,https://assets.nhle.com/mugs/nhl/20262027/CHI/8483506.png,6,D,R,76,200,193,91,2004-06-25,USA,Sam,Rinzel,Chanhassen,MN,,,,,,,
defensemen,8481568,https://assets.nhle.com/mugs/nhl/20262027/CHI/8481568.png,72,D,L,78,225,198,102,2001-06-05,USA,Alex,Vlasic,Wilmette,IL,,,,,,,
goalies,8481519,https://assets.nhle.com/mugs/nhl/20262027/CHI/8481519.png,30,G,L,75,191,191,87,2001-04-19,USA,Spencer,Knight,Darien,CT,,,,,,,
goalies,8482821,https://assets.nhle.com/mugs/nhl/20262027/CHI/8482821.png,40,G,L,75,180,191,82,1999-08-19,SWE,Arvid,Soderblom,Göteborg,,Söderblom,Söderblom,Söderblom,Söderblom,,,
