position_group,id,headshot,sweater_number,position_code,shoots_catches,height_in_inches,weight_in_pounds,height_in_centimeters,weight_in_kilograms,birth_date,birth_country,first_name_default,last_name_default,birth_city_default,birth_state_province_default,birth_city_cs,birth_city_fi,birth_city_sk,birth_city_sv
forwards,8473994,https://assets.nhle.com/mugs/nhl/20262027/DAL/8473994.png,14,L,L,75,210,191,95,1989-07-18,CAN,Jamie,Benn,Victoria,BC,,,,
forwards,8476278,https://assets.nhle.com/mugs/nhl/20262027/DAL/8476278.png,15,C,R,68,181,173,82,1993-03-28,USA,Colin,Blackwell,North Andover,MA,,,,
forwards,8480840,https://assets.nhle.com/mugs/nhl/20262027/DAL/8480840.png,10,C,L,76,207,193,94,2000-03-12,SWE,Oskar,Bäck,Karlstad,,,,,
forwards,8475168,https://assets.nhle.com/mugs/nhl/20262027/DAL/8475168.png,95,C,L,71,211,180,96,1991-01-16,CAN,Matt,Duchene,Haliburton,ON,,,,
forwards,8476889,https://assets.nhle.com/mugs/nhl/20262027/DAL/8476889.png,12,C,L,75,216,191,98,1994-01-09,CZE,Radek,Faksa,Vitkov,,Vítkov,Vítkov,Vítkov,
forwards,8478449,https://assets.nhle.com/mugs/nhl/20262027/DAL/8478449.png,24,C,L,75,217,191,98,1996-11-17,FIN,Roope,Hintz,Nokia,,,,,
forwards,8484829,https://assets.nhle.com/mugs/nhl/20262027/DAL/8484829.png,49,C,L,71,198,180,90,2001-02-23,CAN,Justin,Hryckowian,L'Ile-Bizard,QC,,,,
forwards,8484938,https://assets.nhle.com/mugs/nhl/20262027/DAL/8484938.png,25,R,R,75,211,191,96,2001-04-06,FIN,Arttu,Hyry,Oulu,,,,,Uleåborg
forwards,8482740,https://assets.nhle.com/mugs/nhl/20262027/DAL/8482740.png,53,C,R,73,187,185,85,2003-05-14,CAN,Wyatt,Johnston,Toronto,ON,,,,
forwards,8481641,https://assets.nhle.com/mugs/nhl/20262027/DAL/8481641.png,22,L,L,71,185,180,84,1996-03-23,FIN,Joel,Kiviranta,Vantaa,,,,,Vanda
forwards,8478420,https://assets.nhle.com/mugs/nhl/20262027/DAL/8478420.png,96,R,L,76,228,193,103,1996-10-29,FIN,Mikko,Rantanen,Nousiainen,,,,,Nousis
forwards,8480027,https://assets.nhle.com/mugs/nhl/20262027/DAL/8480027.png,21,L,L,75,204,191,93,1999-07-22,USA,Jason,Robertson,Arcadia,CA,,,,
forwards,8475794,https://assets.nhle.com/mugs/nhl/20262027/DAL/8475794.png,91,C,R,74,205,188,93,1992-01-31,CAN,Tyler,Seguin,Brampton,ON,,,,
forwards,8479351,https://assets.nhle.com/mugs/nhl/20262027/DAL/8479351.png,18,C,L,72,185,183,84,1998-02-03,CAN,Sam,Steel,Ardrossan,AB,,,,
defensemen,8483425,https://assets.nhle.com/mugs/nhl/20262027/DAL/8483425.png,6,D,L,79,237,201,108,2004-05-18,CHE,Lian,Bichsel,Olten,,,,,
defensemen,8477335,https://assets.nhle.com/mugs/nhl/20262027/DAL/8477335.png,28,D,R,72,193,183,88,1995-07-12,CAN,Kyle,Burroughs,Vancouver,BC,,,,
defensemen,8478476,https://assets.nhle.com/mugs/nhl/20262027/DAL/8478476.png,20,D,L,75,194,191,88,1997-08-13,CAN,Kyle,Capobianco,Mississauga,ON,,,,
defensemen,8481581,https://assets.nhle.com/mugs/nhl/20262027/DAL/8481581.png,55,D,L,75,214,191,97,2001-08-19,USA,Thomas,Harley,Syracuse,NY,,,,
defensemen,8480036,https://assets.nhle.com/mugs/nhl/20262027/DAL/8480036.png,4,D,L,74,197,188,89,1999-07-18,FIN,Miro,Heiskanen,Espoo,,,,,Esbo
defensemen,8476902,https://assets.nhle.com/mugs/nhl/20262027/DAL/8476902.png,23,D,L,75,217,191,98,1994-05-23,FIN,Esa,Lindell,Vantaa,,,,,Vanda
defensemen,8480878,https://assets.nhle.com/mugs/nhl/20262027/DAL/8480878.png,5,D,R,73,194,185,88,2000-07-27,SWE,Nils,Lundkvist,Pitea,,,Piteå,,Piteå
defensemen,8474574,https://assets.nhle.com/mugs/nhl/20262027/DAL/8474574.png,57,D,R,80,229,203,104,1990-02-01,USA,Tyler,Myers,Houston,TX,,,,
goalies,8479193,https://assets.nhle.com/mugs/nhl/20262027/DAL/8479193.png,1,G,L,72,188,183,85,1991-08-13,USA,Casey,DeSmith,Rochester,NH,,,,
goalies,8479979,https://assets.nhle.com/mugs/nhl/20262027/DAL/8479979.png,29,G,L,78,225,198,102,1998-12-18,USA,Jake,Oettinger,Lakeville,MN,,,,
