position_group,id,headshot,sweater_number,position_code,shoots_catches,height_in_inches,weight_in_pounds,height_in_centimeters,weight_in_kilograms,birth_date,birth_country,first_name_default,last_name_default,birth_city_default,birth_state_province_default,last_name_cs,last_name_fi,last_name_sk,last_name_sv,birth_city_fi,birth_city_sv,birth_city_sk,first_name_cs,first_name_sk,birth_city_cs,birth_city_de
forwards,8478569,https://assets.nhle.com/mugs/nhl/20262027/PHI/8478569.png,52,C,R,71,204,180,93,1991-12-01,USA,Noel,Acciari,Johnston,RI,,,,,,,,,,,
forwards,8484142,https://assets.nhle.com/mugs/nhl/20262027/PHI/8484142.png,86,C,L,70,171,178,78,2005-04-27,CAN,Denver,Barkey,Newmarket,ON,,,,,,,,,,,
forwards,8483731,https://assets.nhle.com/mugs/nhl/20262027/PHI/8483731.png,20,L,L,72,195,183,88,2003-11-20,USA,Alex,Bump,Burnsville,MN,,,,,,,,,,,
forwards,8480220,https://assets.nhle.com/mugs/nhl/20262027/PHI/8480220.png,27,L,L,74,194,188,88,1999-02-05,USA,Noah,Cates,Stillwater,MN,,,,,,,,,,,
forwards,8476461,https://assets.nhle.com/mugs/nhl/20262027/PHI/8476461.png,14,C,L,76,210,193,95,1992-12-07,USA,Sean,Couturier,Phoenix,AZ,,,,,,,,,,,
forwards,8477989,https://assets.nhle.com/mugs/nhl/20262027/PHI/8477989.png,22,C,L,73,190,185,86,1996-02-02,USA,Christian,Dvorak,Palos,IL,,,,,,,,,,,
forwards,8482159,https://assets.nhle.com/mugs/nhl/20262027/PHI/8482159.png,71,R,R,74,215,188,98,2002-01-18,CAN,Tyson,Foerster,Alliston,ON,,,,,,,,,,,
forwards,8483733,https://assets.nhle.com/mugs/nhl/20262027/PHI/8483733.png,17,R,L,74,210,188,95,2003-05-02,RUS,Nikita,Grebenkin,Serov,,,,,,,,,,,,
forwards,8479336,https://assets.nhle.com/mugs/nhl/20262027/PHI/8479336.png,91,R,L,72,200,183,91,1997-12-01,SWE,Carl,Grundstrom,Umea,,Grundström,Grundström,Grundström,Grundström,Uumaja,Umeå,,,,,
forwards,8478439,https://assets.nhle.com/mugs/nhl/20262027/PHI/8478439.png,11,R,R,70,192,178,87,1997-03-11,CAN,Travis,Konecny,London,ON,,,,,,,Londýn,,,,
forwards,8485406,https://assets.nhle.com/mugs/nhl/20262027/PHI/8485406.png,94,R,R,75,214,191,97,2006-10-26,CAN,Porter,Martone,Peterborough,ON,,,,,,,,,,,
forwards,8484387,https://assets.nhle.com/mugs/nhl/20262027/PHI/8484387.png,39,R,L,70,172,178,78,2004-12-09,RUS,Matvei,Michkov,Perm,,Mičkov,Mitshkov,Mičkov,,,,,Matvej,Matvej,,
forwards,8480015,https://assets.nhle.com/mugs/nhl/20262027/PHI/8480015.png,74,R,R,73,210,185,95,1999-02-16,CAN,Owen,Tippett,Peterborough,ON,,,,,,,,,,,
forwards,8475253,https://assets.nhle.com/mugs/nhl/20262027/PHI/8475253.png,10,L,L,75,218,191,99,1991-03-16,CAN,Garrett,Wilson,Barrie,ON,,,,,,,,,,,
forwards,8481533,https://assets.nhle.com/mugs/nhl/20262027/PHI/8481533.png,46,C,L,72,185,183,84,2001-03-20,USA,Trevor,Zegras,Bedford,NY,,,,,,,,,,,
defensemen,8481122,https://assets.nhle.com/mugs/nhl/20262027/PHI/8481122.png,44,D,L,76,210,193,95,1998-09-19,CAN,Simon,Benoit,Laval,QC,,,,,,,,,,,
defensemen,8482142,https://assets.nhle.com/mugs/nhl/20262027/PHI/8482142.png,9,D,R,71,185,180,84,2002-04-08,CAN,Jamie,Drysdale,Toronto,ON,,,,,,,,,,,
defensemen,8483460,https://assets.nhle.com/mugs/nhl/20262027/PHI/8483460.png,5,D,R,76,204,193,93,2003-11-28,CZE,David,Jiricek,Klatovy,,Jiříček,,Jiříček,,,,,,,,
defensemen,8477499,https://assets.nhle.com/mugs/nhl/20262027/PHI/8477499.png,55,D,R,76,208,193,94,1994-10-27,FIN,Rasmus,Ristolainen,Turku,,,,,,,Åbo,,,,,
defensemen,8477948,https://assets.nhle.com/mugs/nhl/20262027/PHI/8477948.png,6,D,L,76,222,193,101,1996-03-29,CAN,Travis,Sanheim,Elkhorn,MB,,,,,,,,,,,
defensemen,8476372,https://assets.nhle.com/mugs/nhl/20262027/PHI/8476372.png,24,D,L,75,197,191,89,1993-06-03,USA,Nick,Seeler,Eden Prairie,MN,,,,,,,,,,,
defensemen,8481546,https://assets.nhle.com/mugs/nhl/20262027/PHI/8481546.png,8,D,L,72,194,183,88,2001-01-05,USA,Cam,York,Anaheim,CA,,,,,,,,,,,
goalies,8478435,https://assets.nhle.com/mugs/nhl/20262027/PHI/8478435.png,80,G,L,77,209,196,95,1997-08-20,CZE,Dan,Vladar,Prague,,Vladař,,Vladař,,Praha,Prag,Praha,,,Praha,Prag
goalies,8479361,https://assets.nhle.com/mugs/nhl/20262027/PHI/8479361.png,53,G,L,75,212,191,96,1998-07-12,USA,Joseph,Woll,Dardenne Prairie,MO,,,,,,,,,,,
